cluster_id,ra,dec,parallax,pmra,pmdec,n_members,l,b,age_myr,distance_kpc,r_galactocentric_kpc
ASCC_105,295.548,27.366,1.783,1.464,-1.635,113,62.82445527390996,2.062756077600696,74.13100459583173,0.5608524957936063,7.881801955144683
ASCC_107,297.164,21.987,1.109,-0.155,-5.156,57,58.90301571432033,-1.901557345076885,16.98243727045763,0.9017132551848512,7.69532428866514
ASCC_114,324.99,53.997,1.066,-3.716,-3.421,134,97.0820844658872,1.027818358915242,47.862990313698695,0.9380863039399624,8.290057255408607
ASCC_123,340.299,53.986,4.262,12.093,-1.407,49,104.43374596731852,-4.14120533553968,44.66836902389504,0.23463162834350074,8.18347043486106
ASCC_127,347.205,64.974,2.633,7.474,-1.745,117,112.34957744165082,4.232104710808196,18.197018176288072,0.379794910748196,8.273445263747549
ASCC_16,81.198,1.655,2.838,1.355,-0.015,175,201.1395755873416,-18.373357827362863,13.489632380568445,0.3523608174770965,8.434757133183329
ASCC_19,81.982,-1.987,2.768,1.152,-1.234,149,204.91335623584655,-19.43791222692856,10.471285020627684,0.36127167630057805,8.432199764849871
ASCC_21,82.179,3.527,2.866,1.404,-0.632,90,199.9379496257487,-16.598171867717564,8.912505467113453,0.34891835310537334,8.437108164144284
ASCC_32,105.714,-26.512,1.23,-3.307,3.477,186,237.9763625212136,-9.432396088185609,25.118869830988675,0.8130081300813008,8.574288976682947
ASCC_58,153.657,-55.001,2.06,-13.276,2.786,133,281.67101643371296,1.2630272786727164,52.48072067145216,0.4854368932038835,8.037888147120501
ASCC_66,168.367,-55.437,0.999,-11.331,2.969,22,289.279807785946,4.816445982782231,58.88436294945623,1.001001001001001,7.849327366057975
ASCC_67,175.28,-61.013,0.482,-6.766,0.919,26,294.5148758237292,0.7043820186631816,37.153537595204696,2.074688796680498,7.502531818435332
ASCC_77,212.694,-62.331,0.842,-4.243,-3.22,141,311.9982960293136,-0.8640197551899884,81.28302305789093,1.187648456057007,7.380378749190551
ASCC_79,229.731,-60.798,1.176,-2.914,-4.232,113,319.97686296298536,-2.9041272927879827,18.620870548831206,0.8503401360544218,7.49159280945872
ASCC_85,251.853,-45.555,1.119,0.17,-4.102,105,339.8143385176896,-0.2583905207187874,70.79456289251887,0.8936550491510277,7.289767286934377
ASCC_87,255.658,-28.421,1.27,-1.18,-3.814,45,355.12455614032456,8.092663012324774,83.17639172213713,0.7874015748031495,7.345559012412391
Alessi_10,301.233,-10.555,2.233,1.469,-7.879,70,31.597764986712125,-21.058056054313514,91.20109194638908,0.44782803403493054,7.76912360662041
Alessi_13,51.762,-35.821,9.584,36.332,-4.709,48,237.53210030935455,-55.94117980795696,35.48135450617081,0.10434056761268781,8.153518690730793
Alessi_19,274.741,12.311,1.71,-1.005,-7.073,60,40.403501691883086,12.71011159811004,25.70394879669197,0.5847953216374269,7.69647849437615
Alessi_20,2.593,58.742,2.311,8.195,-2.341,119,117.61445752037092,-3.70512458929773,9.332538499404745,0.4327131112072696,8.330942837273
Alessi_21,107.69,-9.363,1.72,-5.475,2.602,113,223.45767305095703,-0.0135902724696009,66.06937091565955,0.5813953488372093,8.553378018310319
Alessi_24,260.764,-62.693,2.059,-0.488,-8.999,156,328.9843523572211,-14.57168375818413,72.44361827871234,0.4856726566294317,7.722953238878792
Alessi_43,132.631,-41.738,1.032,-5.546,3.869,284,262.54617296627504,1.5011469237924016,11.4815347022194,0.9689922480620154,8.303398746646458
Alessi_5,160.819,-61.081,2.501,-15.411,2.503,297,288.0578680532892,-1.966090073094112,67.60828566222641,0.39984006397441024,8.007149888452771
Alessi_Teutsch_12,255.421,-58.981,1.632,-2.134,-8.952,41,330.635526509614,-10.33722896685841,87.0963704709875,0.6127450980392157,7.602398083052444
Alessi_Teutsch_5,332.218,61.103,1.111,-1.895,-3.207,127,104.53595067779511,4.17876182131205,18.620870548831206,0.9000900090009001,8.39241867767396
Antalova_2,262.462,-32.541,0.842,2.037,-1.65,27,355.1409886291861,0.9291252467029452,12.022642234116692,1.187648456057007,6.939504382545314
Aveni_Hunter_1,354.175,48.205,2.348,-0.184,-2.087,82,110.28349428678276,-12.822757305866167,10.471285020627684,0.42589437819420783,8.27513357540831
BDSB91,96.319,-10.551,1.033,-3.183,1.15,32,219.4681377001764,-10.553624092195571,14.125378548042052,0.9680542110358181,8.87731027937143
BDSB96,106.332,-12.327,0.844,-3.843,1.071,65,225.47675006290896,-2.561095826542604,7.943284091521296,1.1848341232227488,8.991663582061804
BH_121,174.661,-63.387,0.387,-6.0,0.63,174,294.8863088504742,-1.658066106823492,2.6302684539632835,2.5839793281653747,7.414992393704716
BH_150,204.506,-63.346,0.178,-6.395,-1.534,43,308.1284960396192,-0.945257286891097,21.877623926123007,5.617977528089888,6.417335929347775
BH_151,205.051,-61.731,0.176,-5.853,-1.878,29,308.67240780322726,0.596019925291714,15.848924964027184,5.6818181818181825,6.370024206228783
BH_164,222.311,-66.465,2.364,-7.368,-10.714,204,314.3229214079759,-6.2345029032894965,32.359382746997106,0.4230118443316413,7.833967482167042
BH_205,254.053,-40.636,0.569,-0.15,-1.083,55,344.6314622213202,1.6316073950926189,6.165949477018448,1.7574692442882252,6.444902316076904
BH_217,259.071,-40.815,0.31,-0.661,-1.826,99,346.78134452772986,-1.509915516664234,34.67368199963294,3.2258064516129035,5.037019231712626
BH_221,259.641,-32.334,0.884,2.0,-1.568,133,353.9720532454231,3.0139474632391954,10.715198228903988,1.1312217194570136,6.999594472369522
BH_23,123.449,-36.329,2.257,-7.101,7.35,86,253.9685438824478,-1.0306171525075762,28.840317564502843,0.4430660168365086,8.255326266733109
BH_54,132.413,-44.353,0.42,-4.759,5.244,42,264.4679163953648,-0.2796459022856953,8.70963704709875,2.380952380952381,8.681252465880283
BH_56,134.355,-43.181,1.078,-5.57,5.439,109,264.4697221683362,1.5479361118061956,17.78279410038923,0.9276437847866419,8.263076964568835
BH_99,159.553,-59.168,2.225,-14.494,0.919,371,286.5851535309885,-0.5916114991865906,95.4992627963112,0.449438202247191,8.005314706261762
Basel_18,201.967,-62.306,0.508,-5.008,-2.05,49,307.1506950100282,0.266973428241477,27.542290662215265,1.968503937007874,7.108519714784812
Berkeley_47,292.127,17.362,0.402,-1.894,-5.444,52,52.54505205813241,-0.041723711797164,21.877623926123007,2.487562189054726,6.89791708729511
Berkeley_50,302.505,34.967,0.246,-3.398,-5.072,82,72.40881743857,0.9239797980851504,75.85777749219503,4.065040650406504,7.907792228358594
Berkeley_86,305.084,38.688,0.558,-3.447,-5.402,23,76.64978897200152,1.2759872557523269,10.964780998322173,1.7921146953405016,7.902961798959831
Berkeley_87,305.396,37.433,0.573,-3.654,-6.264,112,75.75628587771187,0.3610082989258263,8.317639172213713,1.7452006980802794,7.876384445488073
Berkeley_90,308.819,46.843,0.302,-2.829,-4.369,82,84.88278882023016,3.793430329568523,5.12861429039393,3.3112582781456954,8.49095327557756
Biurakan_2,302.283,35.488,0.542,-3.169,-6.843,47,72.74726847377087,1.3596697977327037,9.332538499404745,1.8450184501845017,7.777062774156578
Bochum_11,161.769,-60.096,0.389,-6.335,1.742,61,288.0115750077363,-0.8772045337418173,6.309576215861531,2.570694087403599,7.724199131595072
Bochum_13,259.333,-35.529,0.567,-0.286,-1.284,57,351.2106072969847,1.3831706212090722,8.912505467113453,1.7636684303350971,6.385237043557211
Bochum_4,112.877,-17.229,0.761,-3.014,1.848,21,232.77186502758516,0.7338404352711613,95.4992627963112,1.314060446780552,8.978094087524292
COIN-Gaia_3,18.739,60.505,0.775,-2.431,-1.791,85,125.8250444209989,-2.234571838738859,48.97788838992469,1.2903225806451613,8.938014244666213
Collinder_132,108.485,-30.758,1.501,-4.14,3.732,86,242.9226063893501,-9.103931289641952,24.547081610382136,0.6662225183211193,8.441784694538901
Collinder_135,109.362,-37.044,3.278,-9.975,6.157,324,248.98836520431976,-11.200966148640614,26.302684539632835,0.3050640634533252,8.23403965874265
Collinder_140,110.882,-31.966,2.594,-8.074,4.789,124,244.94342690459945,-7.818240171192694,26.915337400578164,0.3855050115651504,8.290970658007707
Collinder_185,125.833,-36.349,0.626,-4.924,3.879,58,255.06629798272877,0.5451560925747398,61.65949477018448,1.597444089456869,8.67209521518253
Collinder_197,131.202,-41.28,1.034,-5.808,3.933,229,261.51744196174616,0.9561174639889652,14.125378548042052,0.9671179883945841,8.31979290559082
Collinder_205,135.119,-48.984,0.483,-4.797,3.918,81,269.2034970750305,-1.850993169401825,4.570880290185208,2.070393374741201,8.409293236568073
Collinder_258,186.798,-60.767,0.764,-7.051,-0.288,110,299.9741918479387,1.9654340426809327,97.72367059324804,1.3089005235602094,7.553922405520741
Collinder_271,202.453,-64.199,0.353,-5.697,-1.579,34,307.09334632138234,-1.6377440210234142,61.65949477018448,2.8328611898017,6.800236080484005
Collinder_272,202.586,-61.319,0.414,-3.441,-1.798,255,307.58373743486266,1.20085578316123,45.70880290185209,2.4154589371980677,6.919013799456183
Collinder_359,270.598,3.26,1.786,0.637,-8.668,269,30.228250925768705,12.394082026505332,37.153537595204696,0.5599104143337066,7.654450038151686
Collinder_394,283.092,-20.229,1.388,-1.459,-5.882,156,14.869970306505532,-9.268193553011058,91.20109194638908,0.7204610951008646,7.43699603768738
Collinder_419,304.534,40.732,0.952,-2.708,-6.382,48,78.10062782614432,2.7775624822074585,19.49844428490234,1.050420168067227,7.972046448422213
Collinder_469,274.143,-18.309,0.399,0.089,-1.679,24,12.736331987060485,-0.870814170545249,9.54992627963112,2.506265664160401,5.7045002743181525
Collinder_69,83.792,9.813,2.462,1.194,-2.118,620,195.162288318142,-12.05052557652056,12.589251353447189,0.4061738424045491,8.506030075300584
Collinder_95,97.788,9.894,1.458,-2.263,-5.159,136,201.82550877827865,0.0484957419935998,19.054616384945497,0.6858710562414266,8.762418918431123
Czernik_40,295.661,21.145,0.207,-2.249,-4.613,62,57.473615821710304,-1.1136026635218823,25.118869830988675,4.830917874396135,6.863642632903006
Czernik_41,297.754,25.29,0.369,-2.932,-6.164,181,62.02376846110584,-0.6899169769142763,12.88249947737535,2.710027100271003,7.256773539393372
DBSB_101,242.631,-49.014,0.52,-1.822,-2.193,36,332.99897709979444,1.8784957961541275,11.220189470737862,1.923076923076923,6.468591278206086
DBSB_104,255.997,-51.088,0.908,-0.443,-2.692,20,337.21606105746673,-5.866482240987884,26.915337400578164,1.1013215859030836,7.12457379632125
DBSB_21,130.571,-40.737,0.613,-5.998,4.44,14,260.796162192307,0.9178781267234358,9.54992627963112,1.6313213703099512,8.536119717384848
DBSB_43,150.962,-59.232,0.187,-5.056,3.142,26,282.9269944926697,-3.033210726192108,24.547081610382136,5.347593582887701,8.66475565213634
Dias_5,274.385,-19.707,0.744,1.798,-0.945,61,11.614052048437234,-1.7356391609735202,9.54992627963112,1.3440860215053763,6.81140882014741
Dolidze_3,303.803,36.832,0.496,-2.875,-5.613,16,74.54487295041504,1.0728305149387716,8.912505467113453,2.0161290322580645,7.829714386542683
Dolidze_5,305.025,39.331,0.443,-1.929,-5.384,137,77.15403800628515,1.6778080973630616,63.09576215861531,2.2573363431151243,7.931526887988539
Dolidze_53,296.588,24.613,0.478,-1.494,-4.609,30,60.90472427221575,-0.1210002735074289,6.918312139914402,2.092050209205021,7.336127070587773
Dolidze_8,306.129,42.3,0.993,-2.633,-5.91,39,80.07160605447153,2.6842334608838416,15.48816822976791,1.0070493454179255,8.010081976905193
ESO_130_13,185.782,-59.644,0.386,-4.422,-0.417,120,299.3569390059432,3.0310980511567776,33.88443198353887,2.5906735751295336,7.215086740061935
ESO_226_06,246.04,-51.151,0.389,-2.181,-3.308,19,333.0811067590232,-1.1778781963865232,32.359382746997106,2.570694087403599,5.945305846605183
FSR_0158,296.99,26.04,0.139,-2.748,-5.432,14,62.32044009147488,0.2840834008121388,10.232935315766705,7.194244604316546,7.964758038309886
FSR_0165,299.546,26.761,0.376,-2.782,-5.558,60,64.11507852486058,-1.3098879265867245,15.48816822976791,2.6595744680851063,7.36076858882462
FSR_0198,300.614,35.681,0.486,-3.56,-6.611,82,72.18196244031309,2.608813394696781,4.677352234557818,2.05761316872428,7.74434935057242
FSR_0238,308.693,41.417,0.596,-2.902,-4.547,29,80.47693328203104,0.6198177761962131,74.13100459583173,1.6778523489932886,8.01703231341596
FSR_0284,314.141,49.362,0.312,-2.503,-3.504,17,89.07198168409617,2.5820349916413305,75.85777749219503,3.2051282051282053,8.681963733505519
FSR_0336,327.711,55.243,0.369,-3.066,-2.855,137,99.08968070294348,0.9617712007829842,47.862990313698695,2.710027100271003,8.958941727558921
FSR_0398,339.135,64.153,1.043,-3.218,-1.109,55,108.86911915565176,5.028732080800936,18.197018176288072,0.9587727708533078,8.479181865144103
FSR_0551,24.938,64.878,1.063,0.112,-1.422,44,128.03346201200466,2.4858874629575376,13.489632380568445,0.9407337723424272,8.732494776637976
FSR_1117,94.159,-8.945,1.049,-3.711,0.704,26,217.046474103916,-11.764507885535304,15.48816822976791,0.9532888465204957,8.884690615293525
FSR_1509,147.006,-55.073,0.233,-4.049,2.723,32,278.6704977077124,-1.0861525938624408,61.65949477018448,4.291845493562231,8.594891900339714
Graham_1,164.134,-63.018,0.218,-6.324,2.178,14,290.3193360733237,-2.9948913641769748,15.48816822976791,4.587155963302752,7.817398613775943
Gulliver_10,123.09,-38.676,1.652,-4.443,4.965,42,255.77127018557653,-2.561322209921046,9.332538499404745,0.6053268765133172,8.29138276715681
Gulliver_15,272.599,-16.723,0.506,-1.06,-1.638,58,13.423410834920489,1.181303456902936,85.1137701777428,1.976284584980237,6.2170577142393935
Gulliver_17,302.654,35.871,0.555,-1.078,-3.029,98,73.23274344392074,1.3155947405143458,69.18312139914401,1.8018018018018016,7.795536155289146
Gulliver_18,302.905,26.532,0.613,-3.198,-5.646,180,65.52602888328315,-3.970562685190988,39.81070831325058,1.6313213703099512,7.593655676882861
Gulliver_19,344.19,61.106,0.634,0.893,-2.258,132,109.52477430577773,1.2553429716322193,97.72367059324804,1.5772870662460567,8.77579213499234
Gulliver_2,122.883,-37.404,0.696,-4.951,4.576,59,254.6171942039317,-2.000263752078671,6.606937091565955,1.4367816091954024,8.61487207182696
Gulliver_29,256.745,-35.205,0.905,1.325,-2.206,342,350.2295347931574,3.2799470687243546,10.715198228903988,1.1049723756906078,7.037329003000253
Gulliver_33,318.159,46.345,0.867,0.274,-3.959,78,88.62869691912906,-1.4386351975312968,47.862990313698695,1.1534025374855825,8.17607162959083
Gulliver_40,163.095,-58.394,0.589,-7.686,2.476,29,287.8496825002594,0.9476378104492093,41.686927362111874,1.697792869269949,7.771501225120808
Gulliver_43,296.283,24.558,0.351,-2.922,-5.796,49,60.71801777900063,0.0913826962941821,57.54402406055371,2.8490028490028494,7.172738151714451
Gulliver_46,186.234,-61.973,0.181,-6.946,0.125,64,299.8238403570917,0.7387124953251099,11.748980193354184,5.524861878453039,7.20110160036177
Gulliver_48,316.334,50.733,1.058,-4.781,-6.671,98,91.03287191222056,2.425772982728676,18.197018176288072,0.9451795841209829,8.1936049938696
Gulliver_5,132.626,-45.509,0.406,-5.102,4.904,15,265.45763512508324,-0.8957896793409744,38.01893295314407,2.463054187192118,8.671809395852723
Gulliver_50,181.362,-62.678,0.514,-7.204,1.663,62,297.6826345353023,-0.2759157476771736,40.73804030443489,1.9455252918287937,7.420920484853539
Gulliver_6,83.278,-1.652,2.367,-0.007,-0.207,318,205.2457914758232,-18.137495566467205,16.595861056887003,0.4224757076468103,8.486864300762926
Gulliver_60,303.436,29.672,0.899,1.752,0.219,117,68.41307924387152,-2.6394202831499904,93.32538499404744,1.1123470522803114,7.782084165030695
Gulliver_9,126.998,-47.929,1.985,-5.992,6.915,252,265.03689424526635,-5.429164230520956,17.78279410038923,0.5037783375314862,8.180660559538289
Haffner_13,115.209,-30.073,1.742,-6.184,5.879,197,245.0356045629917,-3.656337448621112,20.41737675660413,0.574052812858783,8.379898323216322
Harvard_16,262.781,-36.813,0.623,-0.636,-0.778,347,351.71723199696913,-1.6397324655056231,72.44361827871234,1.6051364365971108,6.538343722724417
Hogg_15,190.906,-63.101,0.266,-6.018,-0.461,72,302.04826294187103,-0.2426631882240134,2.1877623926123007,3.7593984962406015,6.9061893683337345
Hogg_19,247.236,-49.11,0.369,-2.05,-3.125,34,335.0803545102857,-0.3078792453343497,18.620870548831206,2.710027100271003,5.77825675827968
Hogg_21,251.414,-47.747,0.366,-0.937,-2.206,27,337.95021627214413,-1.450694946272046,89.12505467113454,2.73224043715847,5.683672552747393
IC_1396,324.745,57.514,1.066,-2.355,-4.495,403,99.30898619044754,3.755219503514716,12.022642234116692,0.9380863039399624,8.324827005474244
IC_2391,130.292,-52.991,6.582,-24.644,23.316,222,270.38641414207893,-6.737090536239538,28.840317564502843,0.15192950470981464,8.122383865484467
IC_2395,130.531,-48.09,1.379,-4.464,3.293,291,266.5794328615321,-3.6271697580793294,20.41737675660413,0.7251631617113851,8.197076091609949
IC_2581,156.867,-57.626,0.352,-7.275,3.594,103,284.591091840104,0.0259990405541939,10.232935315766705,2.8409090909090913,7.90013691997365
IC_2602,160.613,-64.426,6.561,-17.582,10.7,311,289.564756841708,-4.955402594458464,36.30780069327641,0.15241579027587257,8.072419085475127
IC_2948,174.822,-63.44,0.388,-5.968,0.647,51,294.97026271308107,-1.6890369622554704,6.456541439665037,2.5773195876288657,7.411999483759342
IC_348,56.132,32.159,3.079,4.483,-6.447,139,160.48626346099985,-17.81080118002028,11.748980193354184,0.32478077297823965,8.414087738154311
IC_4665,266.554,5.615,2.868,-0.909,-8.52,167,30.514315288006628,17.05491265704702,33.11311069398671,0.3486750348675035,7.836653314120713
IC_4996,304.135,37.649,0.487,-2.681,-5.348,69,75.37076517108851,1.3084911112140256,11.220189470737862,2.053388090349076,7.858688383191278
King_25,291.122,13.696,0.31,-1.367,-3.958,124,48.85967158014561,-0.9339127264971696,44.66836902389504,3.2258064516129035,6.473042465950725
Kronberger_69,300.499,31.42,0.351,-2.741,-5.246,33,68.51542144517752,0.4332976170370722,40.73804030443489,2.8490028490028494,7.5586987945308
LP_2253,307.515,45.921,0.674,-1.251,-0.969,105,83.60442468485218,3.9736186856136815,51.2861429039393,1.4836795252225519,8.09193554726549
LP_403,161.024,-58.095,0.37,-7.047,2.935,125,286.7431748308622,0.7170152471598726,26.302684539632835,2.7027027027027026,7.786125174046618
LP_876,316.055,42.074,0.472,-2.454,-4.273,48,84.46034443616996,-3.2181572663512057,47.862990313698695,2.1186440677966103,8.192946051699323
Loden_372,172.769,-58.507,0.551,-6.807,0.936,64,292.58255572985786,2.7406734006232725,95.4992627963112,1.8148820326678765,7.612161166608007
Lynga_6,241.218,-51.96,0.383,-1.866,-2.757,30,330.3520671188998,0.3027389399248132,3.090293803866819,2.6109660574412534,5.993697416299886
Markarian_38,273.819,-18.997,0.567,0.845,-2.277,17,11.985062317245363,-0.9283548469166848,15.848924964027184,1.7636684303350971,6.407475358714022
Melotte_20,51.617,48.975,5.668,22.864,-25.378,747,147.35657675771972,-6.404004607270053,51.2861429039393,0.1764290755116443,8.270174778991567
Melotte_22,56.601,24.114,7.346,20.077,-45.503,952,166.46277741121816,-23.61456429646797,77.62468779884148,0.13612850530901172,8.243315714703469
Moffat_1,240.397,-54.149,0.402,-2.211,-3.037,15,328.5350469800621,-1.0139790858922608,77.62468779884148,2.487562189054726,6.139377089283705
Muzzio_1,134.478,-47.761,0.519,-5.261,4.224,26,268.0000532261688,-1.3715412149502697,7.762468779884148,1.9267822736030829,8.412443888359652
NGC_1333,52.297,31.31,3.344,7.425,-9.865,50,158.3430084655967,-20.50521808681212,11.4815347022194,0.29904306220095694,8.38296111873962
NGC_1977,83.815,-4.819,2.521,1.271,-0.753,115,208.47031016155375,-19.12831151512924,97.72367059324804,0.39666798889329635,8.453332129642396
NGC_1980,83.81,-5.924,2.586,1.215,0.54,121,209.51256538053931,-19.63267819495921,13.182563911826833,0.3866976024748647,8.440866348415286
NGC_2183,92.717,-6.213,1.211,-3.605,0.447,52,213.8975075736952,-11.838400916303277,17.37799912893992,0.8257638315441783,8.804380875245604
NGC_2232,96.888,-4.749,3.067,-4.745,-1.84,188,214.4581373116367,-7.470854101983961,17.78279410038923,0.32605151613955,8.390554310989803
NGC_2264,100.217,9.877,1.354,-1.69,-3.727,161,202.9406785688168,2.165901704240085,27.542290662215265,0.7385524372230428,8.806353270605232
NGC_2343,107.029,-10.619,0.898,0.193,-0.195,44,224.27196273967505,-1.1704478629509327,87.0963704709875,1.1135857461024499,8.952996480387666
NGC_2362,109.671,-24.954,0.742,-2.791,2.953,144,238.1780683060376,-5.547644894247435,5.7544024060553705,1.3477088948787062,8.902555543284903
NGC_2448,116.034,-24.837,0.878,-3.432,2.941,121,240.8466086028943,-0.426753594832671,95.4992627963112,1.1389521640091116,8.733647164072389
NGC_2451A,115.736,-38.264,5.165,-21.116,15.328,331,252.43096392868847,-7.276568063147142,35.48135450617081,0.1936108422071636,8.182020510089192
NGC_2451B,116.128,-37.954,2.719,-9.671,4.702,283,252.30935695716664,-6.856246014806638,40.73804030443489,0.3677822728944465,8.240308194468748
NGC_2547,122.525,-49.198,2.553,-8.609,4.262,215,264.4459408825275,-8.595371888877102,32.359382746997106,0.39169604386995693,8.168584965131698
NGC_2571,124.723,-29.775,0.732,-4.902,4.246,150,249.1216820643056,3.5106988935545096,26.915337400578164,1.366120218579235,8.701720967211335
NGC_2645,129.774,-46.235,0.523,-5.887,5.071,36,264.79292908873924,-2.9028567753126406,25.70394879669197,1.9120458891013383,8.510499958482109
NGC_2659,130.634,-44.999,0.452,-5.336,5.028,82,264.18241160714564,-1.6710481631055654,43.65156980428764,2.2123893805309733,8.631256068891732
NGC_2866,140.526,-51.1,0.328,-5.111,4.658,87,273.1217704895011,-0.7651877358981113,63.09576215861531,3.048780487804878,8.518422336534268
NGC_3228,155.378,-51.814,2.036,-14.867,-0.696,117,280.7626990465469,4.485597859883836,30.19951853033241,0.4911591355599214,8.044955605650097
NGC_3293,158.97,-58.231,0.376,-7.671,3.344,330,285.86008694278337,0.0747049445730793,10.232935315766705,2.6595744680851063,7.825186509399536
NGC_3324,159.341,-58.615,0.356,-7.112,2.782,41,286.2186592356628,-0.1632617233208154,10.715198228903988,2.808988764044944,7.8174724607735255
NGC_3330,159.659,-54.148,0.552,-7.705,2.996,92,284.183005147064,3.81756796601469,81.28302305789093,1.8115942028985506,7.87653976870216
NGC_3572,167.64,-60.294,0.376,-6.261,1.893,75,290.7422827115413,0.168260913153214,4.786299031369869,2.6595744680851063,7.598653851309367
NGC_3590,168.262,-60.79,0.361,-6.1,1.013,167,291.2117862747514,-0.1769146996469578,26.302684539632835,2.770083102493075,7.573606495848125
NGC_3766,174.061,-61.616,0.459,-6.731,0.961,531,294.12030748980686,-0.0374114471847327,22.908683570453768,2.178649237472767,7.500076157088287
NGC_4103,181.628,-61.245,0.473,-6.184,0.075,313,297.5544063448964,1.156800938379072,20.892969566796864,2.1141649048625792,7.385897049241545
NGC_4439,187.119,-60.097,0.474,-7.089,-0.413,55,300.0706519479207,2.6471228279785306,52.48072067145216,2.109704641350211,7.297599755291587
NGC_4463,187.466,-64.8,0.523,-5.326,-0.435,67,300.6368399714636,-2.0244397164240424,28.840317564502843,1.9120458891013383,7.334880871111829
NGC_4609,190.582,-62.995,0.66,-4.87,-1.045,286,301.89800939150683,-0.1415406342416428,81.28302305789093,1.5151515151515151,7.433527520348464
NGC_4755,193.415,-60.371,0.462,-4.647,-1.134,595,303.2068178694468,2.4995645190948763,12.022642234116692,2.1645021645021645,7.169759070823234
NGC_4852,195.046,-59.607,0.752,-8.118,-1.205,190,304.03973169855044,3.2459341744354866,77.62468779884148,1.3297872340425532,7.460386740057756
NGC_5138,201.829,-59.023,0.51,-3.597,-1.449,95,307.5433479933739,3.5271380746463223,47.862990313698695,1.9607843137254901,7.10105708131948
NGC_5281,206.614,-62.916,0.603,-4.628,-2.389,32,309.14698918212235,-0.7100501930160563,39.81070831325058,1.658374792703151,7.191056012525017
NGC_5593,216.419,-54.795,0.947,-5.806,-2.078,80,316.3195577298351,5.608567114375711,87.0963704709875,1.0559662090813096,7.397668623059588
NGC_5606,216.946,-59.632,0.374,-4.88,-2.897,36,314.8407412429904,0.9934669284323796,18.197018176288072,2.6737967914438503,6.518599110190083
NGC_5749,222.204,-54.502,0.89,-2.756,-3.079,71,319.5184574851329,4.545474066303492,52.48072067145216,1.1235955056179776,7.30633817298709
NGC_5823,226.365,-55.608,0.521,-3.691,-2.443,464,321.1174802583082,2.458897337880971,79.43284091521296,1.9193857965451055,6.737660073798296
NGC_6031,241.907,-54.014,0.534,-2.134,-3.034,67,329.2868257066502,-1.5017900645721929,89.12505467113454,1.8726591760299625,6.582372471522304
NGC_6178,248.939,-45.635,1.099,0.521,-3.342,34,338.4077189755347,1.2198338031024534,16.595861056887003,0.9099181073703367,7.283823521616906
NGC_6193,250.319,-48.777,0.812,1.278,-4.111,428,336.6941476818322,-1.575591275757991,5.12861429039393,1.231527093596059,7.008330688654987
NGC_6204,251.538,-47.027,0.805,-0.69,-0.596,208,338.5521063287107,-1.046526614232974,93.32538499404744,1.2422360248447204,6.980769883368702
NGC_6216,252.335,-44.721,0.367,-1.272,-2.546,150,340.6712010626516,0.018976290649681,47.862990313698695,2.7247956403269757,5.6235783503888115
NGC_6231,253.545,-41.812,0.589,-0.529,-2.177,527,343.4760233369337,1.1903513707068512,13.80383840233794,1.697792869269949,6.512594539415344
NGC_6242,253.878,-39.474,0.755,1.149,-0.825,471,345.45414462690457,2.463628469313318,77.62468779884148,1.3245033112582782,6.849204155870809
NGC_6249,254.445,-44.815,0.788,1.73,-3.428,57,341.54533764536336,-1.2011876708737956,20.41737675660413,1.2690355329949239,6.930137717715265
NGC_6250,254.497,-45.951,0.988,0.454,-2.379,76,340.6779238900673,-1.9360331742878,23.988335511359203,1.0121457489878543,7.175220896012056
NGC_6318,259.044,-39.424,0.41,-0.74,-2.451,149,347.90246656525414,-0.6859780264036298,9.772367059324806,2.4390243902439024,5.760034324394659
NGC_6322,259.625,-42.937,0.728,0.183,-2.272,60,345.2848736217648,-3.071091449495914,14.791086480080835,1.3736263736263736,6.804262020124437
NGC_6383,263.673,-32.573,0.873,2.596,-1.708,245,355.6720442981844,0.0568677354494605,3.9810708313250576,1.145475372279496,6.980326866086255
NGC_6396,264.399,-35.013,0.353,-0.451,-2.05,58,353.94101909676573,-1.765748555504519,15.13560650178649,2.8328611898017,5.314711684083486
NGC_6405,265.069,-32.242,2.172,-1.306,-5.847,573,356.5834460682199,-0.7604134786705363,34.67368199963294,0.4604051565377532,7.662502734577673
NGC_6451,267.675,-30.206,0.304,-0.105,-1.335,150,359.4828251403653,-1.6015618695731964,25.70394879669197,3.2894736842105265,4.834036406495294
NGC_6469,268.277,-22.3,0.587,0.638,0.813,48,6.5603425504037,1.9650902432175448,69.18312139914401,1.7035775127768313,6.433514002473072
NGC_6531,271.036,-22.505,0.798,0.525,-1.521,158,7.655997116400679,-0.3475215727511634,12.88249947737535,1.2531328320802004,6.882085861337482
NGC_6561,272.659,-16.74,0.655,-0.002,-0.754,54,13.436231111437085,1.1227717898720018,18.620870548831206,1.5267175572519083,6.646825116674888
NGC_6613,274.989,-17.089,0.64,-0.508,-0.917,25,14.192712658262634,-1.003016708543481,18.197018176288072,1.5625,6.618518413378725
NGC_6649,278.359,-10.399,0.467,-0.007,-0.055,483,21.63725652308655,-0.7802814077727872,70.79456289251887,2.141327623126338,6.1823586539276425
NGC_6716,283.616,-19.888,1.405,-1.476,-6.013,76,15.397082020207318,-9.565067371853296,97.72367059324804,0.7117437722419929,7.447672942129949
NGC_6756,287.181,4.711,0.281,-1.584,-3.631,227,39.09649967244885,-1.6839864813412777,47.862990313698695,3.558718861209964,5.811713842697962
NGC_6823,295.794,23.321,0.446,-1.697,-5.304,140,59.42304776932152,-0.1387281398666601,2.3988335511359207,2.242152466367713,7.243390379357839
NGC_6834,298.052,29.399,0.272,-2.487,-5.094,211,65.69104181735715,1.1826298376320157,19.054616384945497,3.676470588235294,7.409346106798898
NGC_6871,301.548,35.765,0.514,-3.129,-6.437,430,72.65765063548203,2.0120763266519543,5.495405842387226,1.9455252918287937,7.767420641268503
NGC_6910,305.797,40.771,0.545,-3.415,-5.359,127,78.67523215353464,2.01116408441763,13.489632380568445,1.8348623853211008,7.96744344971621
NGC_6913,305.943,38.487,0.553,-3.409,-5.771,71,76.86763479554176,0.6098193450191615,21.877623926123007,1.8083182640144664,7.909678754958018
NGC_7039,317.663,45.597,1.293,-0.32,-2.542,109,87.84720807433628,-1.6995242493097569,21.877623926123007,0.7733952049497294,8.129746738197355
NGC_7058,320.448,50.822,2.73,7.432,2.889,26,92.89093729746396,0.6026416871957494,40.73804030443489,0.3663003663003663,8.148688594621111
NGC_7063,321.122,36.507,1.477,1.524,-2.482,64,83.09289328481721,-9.88798087442642,97.72367059324804,0.6770480704129993,8.069001932801516
NGC_7082,322.186,47.103,0.729,-0.293,-1.106,282,91.1157347323396,-2.8587994634558163,61.65949477018448,1.3717421124828533,8.263003477791349
NGC_7129,325.74,66.114,1.086,-1.759,-3.267,36,105.40302296392709,9.887075722440237,21.37961713919407,0.9208103130755064,8.408544873533495
NGC_7160,328.448,62.589,1.05,-3.472,-1.378,45,104.0139664573891,6.4369579026422015,14.454392628956644,0.9523809523809523,8.401499974712161
NGC_7281,336.259,57.869,0.432,-2.123,-1.238,40,104.44333747187002,0.351474096843192,35.48135450617081,2.314814814814815,8.983519296718962
Pismis_11,138.974,-50.006,0.335,-5.397,3.926,46,271.65039048277623,-0.6987984159275439,3.311311069398671,2.9850746268656714,8.572035744565904
Pismis_5,129.407,-39.603,1.026,-5.494,4.275,80,259.3548581798467,0.9053785946947276,10.0,0.9746588693957114,8.357085944559932
Pismis_8,130.407,-46.272,0.517,-5.757,4.945,44,265.08965591541084,-2.578665067489285,32.359382746997106,1.9342359767891681,8.508071739384054
Pismis_Moreno_1,334.695,63.251,1.051,-2.301,-2.251,62,106.71310722940486,5.292749402985336,8.912505467113453,0.9514747859181732,8.443358033723408
Platais_8,136.718,-58.685,7.415,-15.596,14.474,211,277.1209584461955,-7.576051744196276,30.19951853033241,0.13486176668914363,8.10651330002015
Platais_9,139.241,-43.862,5.463,-24.705,13.333,125,267.36225380158163,3.7075026316544655,50.1187013514281,0.18304960644334614,8.132453901041417
Pozzo_1,122.374,-47.335,2.853,-6.516,9.53,341,262.7978751258004,-7.69020742551165,9.54992627963112,0.35050823694356814,8.172816763545441
RSG_5,303.482,45.574,2.945,3.573,1.605,162,81.71887978305422,6.097661884285992,34.67368199963294,0.33955857385398985,8.0802808050092
RSG_7,344.19,59.363,2.337,4.927,-1.865,124,108.78045546104494,-0.3207661693925871,38.904528168399445,0.42789901583226353,8.269685470944085
RSG_8,344.983,59.371,2.21,5.343,-1.654,170,109.15022939400905,-0.4838513681371724,26.915337400578164,0.45248868778280543,8.281469862013957
Roslund_2,296.261,23.977,0.463,-1.741,-5.115,97,60.20499979065623,-0.1820728672111216,11.4815347022194,2.159827213822894,7.293729149666836
Roslund_3,299.695,20.509,0.585,-0.386,-5.108,104,58.84231733780868,-4.684533151247386,53.70318199557904,1.7094017094017095,7.385841937079892
Roslund_4,301.199,29.196,0.423,-2.166,-5.057,31,66.95434812904469,-1.262187633238633,16.98243727045763,2.3640661938534278,7.518221457850336
Roslund_5,302.641,33.751,1.831,1.981,-1.164,151,71.45119000898197,0.1661547853379363,97.72367059324804,0.5461496450027308,7.9651107502191065
Roslund_6,307.185,39.798,2.809,5.875,2.155,247,78.49432676355592,0.5846175345328531,89.12505467113454,0.35599857600569595,8.05854774140658
Ruprecht_108,203.002,-58.509,0.977,-9.025,-2.323,32,308.22242398809124,3.945393908623232,83.17639172213713,1.0235414534288638,7.533055025041097
Ruprecht_119,247.039,-51.5,0.433,-1.3,-3.413,82,333.26577482029336,-1.8688423109866124,47.862990313698695,2.3094688221709005,6.148814194239023
Ruprecht_127,264.462,-36.309,0.385,-0.297,-2.266,55,352.8726228005961,-2.502199468432776,13.489632380568445,2.5974025974025974,5.556461482368258
Ruprecht_138,269.984,-24.665,0.369,0.248,-1.147,83,5.301672654815267,-0.5765831028066181,9.54992627963112,2.710027100271003,5.429479819773075
Ruprecht_144,278.437,-11.425,0.555,0.142,-0.876,32,20.76188981907293,-1.3211501497886469,30.19951853033241,1.8018018018018016,6.469242632772641
Ruprecht_170,276.335,-9.995,0.463,0.452,-0.132,65,21.070970381241025,1.1718302599420118,58.88436294945623,2.159827213822894,6.1561578125919665
Ruprecht_26,114.271,-15.587,0.923,-3.2,0.071,73,231.9825570572636,2.6989904245077923,31.622776601683796,1.0834236186348862,8.829801460835446
Ruprecht_65,129.838,-44.041,0.412,-4.746,4.245,33,263.07706285752147,-1.5331750937544937,22.908683570453768,2.4271844660194177,8.752400595712173
Ruprecht_71,132.316,-46.875,0.486,-5.22,4.642,39,266.3793279241205,-1.9268237372832224,21.37961713919407,2.05761316872428,8.503258992552604
Ruprecht_77,141.821,-55.119,0.242,-6.286,4.84,17,276.48801214950606,-3.097124219083192,12.3026920306321,4.132231404958678,8.684397468472495
Ruprecht_79,145.259,-53.846,0.221,-4.631,2.995,147,277.1018147477445,-0.809856676470218,61.65949477018448,4.524886877828054,8.79494197267562
Ruprecht_94,172.772,-63.426,0.369,-6.378,0.769,47,294.08855563921816,-1.9422635264153911,24.547081610382136,2.710027100271003,7.439465773320463
Ruprecht_96,177.67,-62.14,0.27,-5.491,0.806,73,295.8988806097768,-0.1007600169076873,46.77352234557817,3.7037037037037033,7.307945735412442
SAI_113,155.685,-59.51,0.179,-5.76,2.975,63,285.06816915359366,-1.8979444851231668,8.912505467113453,5.58659217877095,8.576937846243787
SAI_118,205.811,-63.146,0.514,-4.401,-2.335,108,308.7432862489786,-0.8602755969496848,31.622776601683796,1.9455252918287937,7.069305965188225
Stephenson_1,283.568,36.899,2.779,1.11,-3.01,83,66.90746382316338,15.36545795653329,28.18381693478142,0.35984166966534725,7.99228454053975
Stock_10,84.808,37.85,2.759,-3.114,-0.464,142,171.7134071388001,3.556180019721307,81.28302305789093,0.3624501631025734,8.480135667607277
Stock_14,175.925,-62.537,0.385,-6.388,0.714,19,295.2114765105712,-0.684982841335989,36.30780069327641,2.5974025974025974,7.3987491853145215
Stock_7,37.431,60.627,1.441,-3.496,0.484,129,134.70062135018296,0.0207951696239393,72.44361827871234,0.6939625260235947,8.624252486172391
Teutsch_125,333.316,58.939,0.469,-3.867,-2.78,22,103.74168646944008,2.091976937926089,8.70963704709875,2.1321961620469083,8.872940099844687
Teutsch_126,333.455,55.712,0.437,-1.82,-2.23,57,101.9770908447658,-0.6110641825020788,48.97788838992469,2.288329519450801,8.883477838198969
Teutsch_27,294.343,18.7,0.245,-2.924,-6.308,13,54.73492098372048,-1.239760187184645,32.359382746997106,4.081632653061225,6.659400788228502
Teutsch_30,306.929,36.074,0.539,-3.18,-5.692,29,75.35286249491712,-1.4257633708822404,28.840317564502843,1.8552875695732838,7.860567775012023
Teutsch_38,131.523,-38.025,1.502,-8.636,3.669,100,259.1219672351045,3.17555510674533,37.153537595204696,0.6657789613848203,8.27324788227335
Teutsch_8,300.598,35.31,0.492,-3.496,-6.704,28,71.85997698490866,2.423515571607177,3.9810708313250576,2.032520325203252,7.734373746401213
Toepler_1,300.318,33.615,0.252,-2.349,-5.081,20,70.29804493722885,1.7235805480673956,64.56541439665037,3.9682539682539684,7.744557548977389
Trumpler_10,131.943,-42.566,2.287,-12.532,6.527,446,262.8660224550654,0.5827461548884668,32.359382746997106,0.4372540445999126,8.187801920597012
Trumpler_11,151.248,-61.619,0.248,-7.057,3.314,70,284.4623943292625,-4.869414993287035,27.542290662215265,4.032258064516129,8.11231224733647
Trumpler_14,160.986,-59.553,0.385,-6.54,2.076,267,287.4106584295503,-0.5793778090093856,63.09576215861531,2.5974025974025974,7.7516875076064595
Trumpler_15,161.177,-59.369,0.398,-6.209,2.016,138,287.4101533032306,-0.3713503072142615,8.912505467113453,2.5125628140703515,7.750346690281443
Trumpler_16,161.253,-59.7,0.389,-6.864,2.509,110,287.59879710488144,-0.6460519053739875,13.489632380568445,2.570694087403599,7.742717935142701
Trumpler_17,164.108,-59.23,0.375,-4.631,2.216,168,288.6857381034419,0.423092445418502,19.952631912548657,2.6666666666666665,7.694160096859863
Trumpler_18,167.826,-60.656,0.624,-7.172,0.569,29,290.9639484435688,-0.13225519689444,47.862990313698695,1.6025641025641026,7.695540769779788
Trumpler_21,203.068,-62.787,0.722,-4.682,-2.312,95,307.5807688560853,-0.2844066948013828,48.97788838992469,1.3850415512465375,7.359613344709328
Trumpler_22,217.783,-61.169,0.386,-5.12,-2.683,140,314.657561178308,-0.5875514364205281,32.359382746997106,2.5906735751295336,6.565104510032629
Trumpler_28,264.231,-32.469,0.678,-0.851,-2.824,103,356.01344591441494,-0.2831488897785086,77.62468779884148,1.4749262536873156,6.651450876283195
Trumpler_29,265.347,-40.158,0.673,0.489,-2.308,142,349.96734939988966,-5.128180658939716,51.2861429039393,1.4858841010401187,6.669678706392211
Trumpler_3,48.004,63.218,1.461,-3.354,-0.112,211,138.01376089021662,4.539660779557955,46.77352234557817,0.6844626967830253,8.64123186294437
Trumpler_33,276.159,-19.711,0.677,0.435,0.449,29,12.395113791333523,-3.2121981356527813,57.54402406055371,1.4771048744460855,6.689087251176849
Trumpler_35,280.741,-4.215,0.319,-1.032,-2.219,39,28.21551931657218,-0.0403398002363905,38.904528168399445,3.134796238244514,5.560840652309768
Turner_3,274.393,-18.875,0.584,0.474,-2.504,16,12.350560606882016,-1.3480411621143993,97.72367059324804,1.7123287671232879,6.46014713750581
UBC_1,287.87,56.801,3.049,-2.579,3.649,47,87.49640740865239,19.815610469670187,69.18312139914401,0.3279763857002296,8.11437911431567
UBC_101,279.496,-7.135,0.413,-0.319,-3.037,54,25.05241959399565,-0.2764855563016355,28.18381693478142,2.4213075060532687,6.016516569061902
UBC_103,280.633,-6.592,0.285,-0.396,-2.266,97,26.052151384057616,-1.031325008847239,22.38720646963977,3.5087719298245617,5.203587944985042
UBC_104,280.692,-6.257,0.295,0.486,-0.809,61,26.37695676162434,-0.9303644492332483,64.56541439665037,3.3898305084745766,5.303737293448452
UBC_105,280.319,-5.427,0.467,0.459,-0.997,75,26.94539991528814,-0.2207996732364625,83.17639172213713,2.141327623126338,6.2884631652134475
UBC_10a,324.652,62.206,1.075,-2.131,-3.031,43,102.41519541927325,7.285228460614462,14.125378548042052,0.9302325581395349,8.369037568955418
UBC_10b,327.047,61.032,1.015,-3.471,-1.859,40,102.50665350218044,5.6526367563151965,56.23413251903491,0.9852216748768474,8.38909871867589
UBC_11,246.666,-59.936,2.147,-0.342,-6.794,44,327.0003814134416,-7.547918055224752,67.60828566222641,0.4657661853749418,7.738845459797392
UBC_114,286.446,-0.399,0.656,-1.47,-1.874,39,34.213440618494005,-3.373688614898699,50.1187013514281,1.524390243902439,6.916720673747659
UBC_122,288.142,15.717,0.358,-0.555,-3.132,92,49.29825449487616,2.558816002784107,51.2861429039393,2.793296089385475,6.647840316229282
UBC_126,294.985,20.054,0.366,-1.855,-4.391,37,56.21219373603892,-1.103104876963951,19.952631912548657,2.73224043715847,6.98225473791751
UBC_129,299.05,26.448,0.844,-0.967,-4.337,115,63.61686045885093,-1.094208897357876,52.48072067145216,1.1848341232227488,7.669367000070051
UBC_130,298.06,27.437,0.393,-2.099,-5.856,98,64.009270950915,0.1718847783860892,27.542290662215265,2.544529262086514,7.370767064672026
UBC_133,303.694,28.355,0.583,-1.12,-4.678,81,67.43821059965916,-3.5547499524772914,85.1137701777428,1.7152658662092626,7.6307208346105755
UBC_134,299.722,31.095,0.368,-2.174,-5.983,57,67.88923709751663,0.8266751954807635,74.13100459583173,2.717391304347826,7.532368797141329
UBC_135,299.824,33.724,0.223,-3.515,-6.437,62,70.17452582275818,2.130593756649787,23.988335511359203,4.484304932735426,7.8332616169076426
UBC_14,294.746,3.703,1.306,0.131,-2.103,46,41.73374393189414,-8.828773213704629,52.48072067145216,0.7656967840735068,7.574136606579115
UBC_146,309.368,46.467,0.423,-4.047,-4.325,145,84.80809484151304,3.266345065349122,43.65156980428764,2.3640661938534278,8.250341524985094
UBC_147,308.317,47.147,0.437,-3.367,-4.799,53,84.92360129167143,4.249501741685906,34.67368199963294,2.288329519450801,8.239813833602238
UBC_148,309.732,46.464,0.414,-2.099,-3.234,69,84.95757027211889,3.064868679972152,48.97788838992469,2.4154589371980677,8.266857329573217
UBC_149,312.253,46.47,0.389,-0.884,-1.926,94,86.03776414993789,1.7046874709662891,34.67368199963294,2.570694087403599,8.347773492737932
UBC_159,339.03,39.621,1.988,-1.905,-4.786,67,96.4110634288387,-16.18219523294834,14.454392628956644,0.5030181086519114,8.190024044333684
UBC_167,324.786,62.332,1.065,-2.078,-3.022,39,102.54685475919776,7.337286361596595,21.877623926123007,0.9389671361502347,8.373796684408628
UBC_168,332.43,57.549,1.069,1.796,1.633,27,102.56346597722764,1.2187996457142167,72.44361827871234,0.9354536950420954,8.37533014813415
UBC_177,339.659,67.044,0.855,-1.973,-0.973,43,110.4942823238348,7.435996400681504,27.542290662215265,1.1695906432748537,8.59696040401464
UBC_178,346.201,63.36,1.148,-1.235,-1.823,58,111.3108358924908,2.9200506540054856,10.232935315766705,0.8710801393728224,8.47699553327129
UBC_17a,83.422,-1.671,2.753,1.582,-1.2,180,205.3346542197047,-18.019412272752284,18.620870548831206,0.3632401017072285,8.435497365648876
UBC_17b,83.195,-1.585,2.376,0.078,-0.163,103,205.14247487451436,-18.179148358085172,11.4815347022194,0.4208754208754209,8.485682744017952
UBC_182,4.18,52.298,0.64,-2.96,-1.769,24,117.55123157790877,-10.21066306114071,13.489632380568445,1.5625,8.937870318022156
UBC_183,5.005,55.714,0.934,0.661,-2.507,28,118.48463939826716,-6.886219722574591,66.06937091565955,1.070663811563169,8.67937051151644
UBC_187,37.868,72.346,1.076,-1.664,-1.747,42,130.4352628256296,10.947492273392534,17.78279410038923,0.929368029739777,8.741440643263555
UBC_19,56.336,29.827,2.385,2.705,-5.17,34,162.21509681345643,-19.479846721262916,6.918312139914402,0.41928721174004197,8.499253568604447
UBC_207,83.848,-4.486,2.544,1.086,0.555,55,208.1726376366001,-18.94723201903005,15.13560650178649,0.3930817610062893,8.451561207765897
UBC_245,129.276,-45.245,0.423,-4.629,4.294,52,263.79324142625234,-2.580668610363679,34.67368199963294,2.3640661938534278,8.700116934213368
UBC_247,126.678,-50.729,0.854,-5.083,6.093,55,267.221302363151,-7.209616722702591,57.54402406055371,1.17096018735363,8.260221367919932
UBC_251,140.447,-51.252,0.484,-4.997,4.436,44,273.19380255912927,-0.9079078544079572,93.32538499404744,2.066115702479339,8.268314533985393
UBC_258,158.917,-57.615,0.393,-7.237,3.609,51,285.5297446666293,0.5953964171576038,40.73804030443489,2.544529262086514,7.834212319804178
UBC_26,285.37,22.02,1.661,2.049,-5.176,64,53.75265176112576,7.7483168539155,35.48135450617081,0.6020469596628537,7.784157868932868
UBC_261,159.52,-60.503,0.222,-5.6,2.632,89,287.2237017272791,-1.7641925432118186,18.620870548831206,4.504504504504505,8.036309219641533
UBC_263,162.656,-59.992,0.38,-6.396,2.032,70,288.3591221787144,-0.58357894593828,25.118869830988675,2.6315789473684212,7.708946006409524
UBC_266,166.334,-59.759,0.356,-6.686,1.698,138,289.93325613202023,0.4078480679799059,12.88249947737535,2.808988764044944,7.6355186180342525
UBC_267,168.283,-58.901,0.311,-6.016,1.809,95,290.52193250142847,1.5816744386499375,12.88249947737535,3.215434083601286,7.615406269242044
UBC_272,168.099,-62.284,0.397,-5.817,1.561,57,291.6949914939033,-1.592771773238012,93.32538499404744,2.5188916876574305,7.562214116877544
UBC_273,170.302,-60.568,0.428,-6.328,1.131,31,292.0662844885841,0.3861286438849177,45.70880290185209,2.336448598130841,7.560932849637928
UBC_280,177.923,-62.646,0.398,-5.63,0.662,85,296.1299839274258,-0.5659214184043863,51.2861429039393,2.5125628140703515,7.369208255427939
UBC_281,178.121,-64.593,0.365,-5.587,0.208,23,296.6597555285879,-2.4415885072228587,34.67368199963294,2.73972602739726,7.31497627425511
UBC_285,184.671,-65.42,0.568,-6.242,-0.711,67,299.53145221865293,-2.7647294490917766,61.65949477018448,1.7605633802816902,7.414808278499018
UBC_286,187.364,-62.447,0.435,-6.16,-0.403,73,300.39291443954306,0.3163322761554093,57.54402406055371,2.2988505747126435,7.2359607299910325
UBC_287,189.765,-61.272,0.433,-4.749,-0.734,68,301.44456164272026,1.563994472266249,23.442281975923816,2.3094688221709005,7.192584174751571
UBC_291,199.091,-63.436,0.307,-5.624,-1.586,52,305.71445329605035,-0.6990022186862656,25.118869830988675,3.257328990228013,6.759481809146166
UBC_292,200.201,-61.258,0.431,-3.641,-1.656,84,306.45585552525864,1.41266028234438,69.18312139914401,2.320185614849188,6.99704913949477
UBC_293,202.711,-61.775,0.291,-4.434,-1.714,80,307.5735965637293,0.7410909876754889,19.952631912548657,3.436426116838488,6.613476004300232
UBC_298,217.559,-59.815,0.379,-5.556,-3.807,61,315.0609179152086,0.7096693979946929,48.97788838992469,2.638522427440633,6.526180330572897
UBC_31,61.146,32.532,2.723,3.803,-5.468,84,163.52661931723208,-14.718296893779923,26.302684539632835,0.36724201248622845,8.463210897471884
UBC_313,246.139,-51.932,0.3,-3.093,-4.325,61,332.5671251423198,-1.7692743979734589,60.2559877171915,3.3333333333333335,5.388170022945821
UBC_318,251.144,-47.577,0.329,-0.928,-2.223,236,337.96062483421224,-1.2019873416137867,11.220189470737862,3.03951367781155,5.426380757489148
UBC_320,251.403,-44.448,0.322,-0.651,-0.987,111,340.4503844813173,0.7018872006458419,17.78279410038923,3.1055900621118013,5.2985531051665795
UBC_323,253.94,-40.729,0.575,-0.232,-1.28,267,344.5052596354228,1.6401839903425404,8.912505467113453,1.7391304347826089,6.463471394504989
UBC_334,265.57,-30.731,0.613,-0.731,-1.287,228,358.0918051424274,-0.3237260992679379,19.952631912548657,1.6313213703099512,6.49183653666173
UBC_337,271.722,-24.649,0.566,0.482,-0.711,40,6.092563964174467,-1.9440034301641071,41.686927362111874,1.76678445229682,6.368963851914818
UBC_341,276.464,-17.076,0.478,-0.22,-1.487,94,14.865051299887549,-2.242493360462281,21.877623926123007,2.092050209205021,6.125036690956984
UBC_342,273.914,-14.925,0.605,-0.171,-1.043,66,15.608163134139843,0.932755077243526,14.125378548042052,1.6528925619834711,6.545391701896761
UBC_343,276.989,-14.72,0.472,-0.711,-2.685,124,17.187050206492437,-1.5943572957160508,19.952631912548657,2.1186440677966103,6.130770216356906
UBC_344,274.475,-12.083,0.466,-0.331,-2.168,314,18.369161770374813,1.8021406198690495,3.467368199963294,2.1459227467811157,6.123845973325759
UBC_345,276.005,-12.256,0.472,-0.452,-1.706,43,18.920633784489933,0.4011513790221573,14.454392628956644,2.1186440677966103,6.156327082087124
UBC_352,281.22,-5.849,0.262,-1.402,-3.641,75,26.97981543667161,-1.2111944968343578,6.918312139914402,3.8167938931297707,5.028749193014088
UBC_353,280.854,-3.735,0.438,-0.62,-2.152,31,28.69396560721676,0.0788113802978133,29.512078009328956,2.2831050228310503,6.216678405807738
UBC_355,281.923,-3.817,0.451,-0.692,-1.899,42,29.10798165428245,-0.9076704693537684,24.547081610382136,2.2172949002217295,6.278306842197135
UBC_357,284.743,-0.237,0.288,-1.888,-4.076,65,33.580028819466825,-1.7843688291986206,6.606937091565955,3.4722222222222223,5.571746489631489
UBC_359,284.793,10.342,0.274,-2.465,-4.626,47,43.01921849084032,2.999064900014405,85.1137701777428,3.64963503649635,5.997092998043656
UBC_361,290.003,15.159,0.631,-1.712,-5.245,42,49.63929184052038,0.7113724637721661,36.30780069327641,1.5847860538827259,7.1977812287777265
UBC_363,299.274,31.867,0.219,-3.69,-6.257,69,68.34832999716122,1.5555643623235458,64.56541439665037,4.566210045662101,7.7100326992265975
UBC_365,303.314,34.364,0.294,-2.282,-5.293,83,72.26968644111355,0.0368577580197288,41.686927362111874,3.4013605442176873,7.79165878537767
UBC_367,302.357,36.47,0.322,-2.579,-5.098,25,73.60450315206018,1.8430284933201888,21.877623926123007,3.1055900621118013,7.833864317788202
UBC_368,302.847,36.512,0.431,-2.601,-5.769,37,73.8547461328824,1.5358140116679213,22.38720646963977,2.320185614849188,7.801904105594473
UBC_370,303.863,36.891,0.296,-3.334,-5.094,20,74.62061471896129,1.0657373590700443,33.11311069398671,3.3783783783783785,7.926199695800451
UBC_371,305.886,36.099,0.524,-2.39,-4.336,60,74.88596909691034,-0.7235185643095412,40.73804030443489,1.9083969465648853,7.84384840313625
UBC_373,306.874,37.665,0.788,-0.627,-3.624,20,76.6207458205852,-0.4633947810407714,64.56541439665037,1.2690355329949239,7.925108600199439
UBC_376,307.511,46.161,0.367,-2.479,-3.394,31,83.79788647997032,4.116328766897126,30.19951853033241,2.7247956403269757,8.281523394391032
UBC_377,314.906,45.861,0.32,-2.943,-2.803,23,86.75484627453235,-0.0932176860283996,47.862990313698695,3.125,8.535742855600214
UBC_379,313.264,48.538,0.364,-2.531,-2.442,31,88.0697511380022,2.4917414680981858,18.197018176288072,2.7472527472527473,8.485180912022384
UBC_380,317.71,47.705,0.437,-1.003,-1.742,18,89.40982222718982,-0.2839670268811642,79.43284091521296,2.288329519450801,8.415481616263055
UBC_384,328.718,52.821,0.393,-3.858,-3.729,42,98.03625852623396,-1.297873362496477,67.60828566222641,2.544529262086514,8.843930036427365
UBC_385,317.94,60.092,1.178,-2.53,-3.468,26,98.59475385364512,8.060609640558168,19.49844428490234,0.8488964346349746,8.289375481712868
UBC_386,319.784,61.952,0.809,-3.461,-3.411,28,100.58206290989862,8.686155712946496,6.456541439665037,1.2360939431396785,8.432382304250613
UBC_392,336.125,64.926,1.056,-0.642,-3.287,33,108.15598124801016,6.358270582333624,70.79456289251887,0.9469696969696969,8.462649732228849
UBC_415,42.54,72.914,1.096,-1.301,-1.626,17,131.48684770294193,12.045080162860907,23.442281975923816,0.9124087591240875,8.738719225812854
UBC_475,123.892,-33.904,0.488,-2.879,2.907,19,252.15202185894572,0.6163151114570744,39.81070831325058,2.0491803278688523,8.964771510220155
UBC_479,124.338,-42.582,0.648,-4.814,5.119,33,259.5550365313078,-3.933403061356939,20.41737675660413,1.5432098765432098,8.536454378669227
UBC_482,131.14,-45.951,0.446,-5.155,4.977,97,265.150528670914,-1.980700735295568,26.915337400578164,2.242152466367713,8.606119767997118
UBC_486,139.738,-50.555,0.659,-8.19,6.933,33,272.3843307946796,-0.7330003218553268,66.06937091565955,1.5174506828528072,8.200229890777383
UBC_487,139.691,-51.6,0.499,-5.812,4.14,36,273.1080563828639,-1.487533144753159,26.302684539632835,2.004008016032064,8.259286689731562
UBC_489,141.158,-53.069,0.324,-4.954,3.807,81,274.7805371500311,-1.895569404514856,10.471285020627684,3.0864197530864197,8.444314648146497
UBC_490,140.563,-53.872,0.337,-4.397,4.029,47,275.09213341512293,-2.7161176635337574,39.81070831325058,2.9673590504451037,8.395169190593577
UBC_492,148.736,-50.951,0.39,-6.86,4.997,29,276.884582811789,2.7717837132184027,58.88436294945623,2.564102564102564,8.218226428796417
UBC_496,159.693,-54.247,0.571,-7.889,1.45,21,284.24883814883475,3.7408726323048658,75.85777749219503,1.7513134851138354,7.87615093337899
UBC_499,158.639,-59.752,0.396,-6.543,2.81,24,286.4704211142988,-1.328883113584288,52.48072067145216,2.525252525252525,7.791881791592681
UBC_504,159.738,-61.099,0.174,-5.743,2.921,33,287.60762407613623,-2.23250045629528,11.220189470737862,5.74712643678161,8.40997493562022
UBC_510,163.234,-62.747,0.18,-5.675,2.08,24,289.8314577723864,-2.929024660866359,15.48816822976791,5.555555555555555,8.134780833297844
UBC_515,179.311,-62.968,0.239,-6.147,0.691,30,296.81943092513524,-0.7411985215854917,8.128302305789093,4.184100418410042,7.2669157052034326
UBC_517,182.482,-63.791,0.392,-5.685,0.008,53,298.3677804124606,-1.287710493912106,22.38720646963977,2.5510204081632653,7.265500069677931
UBC_518,184.56,-62.969,0.265,-5.564,0.091,21,299.1704455399639,-0.33996427783196,30.19951853033241,3.773584905660377,7.094334351315844
UBC_522,190.822,-61.627,0.396,-4.447,-1.154,57,301.96363246225496,1.229423579796353,15.13560650178649,2.525252525252525,7.115513843580071
UBC_525,196.023,-63.941,0.436,-4.202,-1.219,54,304.32133121182164,-1.103395227017611,11.748980193354184,2.293577981651376,7.086793953599269
UBC_526,199.664,-62.523,0.452,-4.158,-1.833,17,306.06568261374633,0.1830229306097149,18.197018176288072,2.2123893805309733,7.050137210838243
UBC_531,211.837,-63.076,0.349,-5.216,-2.916,32,311.4024034487442,-1.4594289752541794,81.28302305789093,2.865329512893983,6.587853974751477
UBC_532,226.476,-62.239,0.485,-2.409,-3.214,16,317.90186000877554,-3.341326991401127,36.30780069327641,2.061855670103093,6.73753462098893
UBC_533,230.274,-53.179,0.791,-1.69,-1.345,23,324.3246658842563,3.360966035007993,89.12505467113454,1.2642225031605563,7.134859014552022
UBC_534,238.697,-57.868,0.565,-1.443,-3.598,25,325.3991197950596,-3.230392958278834,83.17639172213713,1.7699115044247788,6.742539817296173
UBC_535,237.584,-56.758,0.3,-3.938,-4.544,28,325.63677585897835,-1.99066440064976,17.78279410038923,3.3333333333333335,5.691642206814173
UBC_536,237.68,-55.632,0.498,-3.355,-4.77,21,326.3847195545818,-1.147022791531653,32.359382746997106,2.0080321285140563,6.545158484671031
UBC_539,243.053,-51.471,0.418,-1.617,-1.936,26,331.52120844242484,-0.1030612484850286,53.70318199557904,2.3923444976076556,6.126291308527786
UBC_540,243.758,-51.688,0.303,-3.567,-4.015,78,331.6903650107293,-0.5617734935639285,43.65156980428764,3.3003300330033003,5.446253181184139
UBC_541,243.015,-50.188,0.391,-2.688,-2.785,61,332.380689784166,0.8498362038199717,21.877623926123007,2.557544757033248,5.9749398333789205
UBC_545,248.527,-48.881,0.332,-1.095,-2.721,37,335.8269530474129,-0.7688991316829835,35.48135450617081,3.012048192771084,5.514011654000441
UBC_547,251.64,-47.103,0.312,-0.744,-2.007,175,338.53936380450455,-1.148702268699982,15.13560650178649,3.2051282051282053,5.271706189986896
UBC_549,252.156,-46.965,0.311,-0.807,-1.925,20,338.87197003124646,-1.328022020644129,85.1137701777428,3.215434083601286,5.252910146971282
UBC_55,66.364,46.122,1.079,-1.067,-2.604,56,156.82281263097076,-2.1898066570903003,33.88443198353887,0.9267840593141798,8.98076282123719
UBC_550,252.65,-45.07,0.37,-2.564,-4.136,39,340.54614078873664,-0.3759250483348136,46.77352234557817,2.7027027027027026,5.645862638791331
UBC_552,254.724,-42.06,0.355,-0.162,-0.387,39,343.8307413025483,0.3507668647349408,11.220189470737862,2.8169014084507045,5.47308190996788
UBC_553,253.51,-41.271,0.581,-0.551,-1.811,38,343.87948621685547,1.5518511243294035,13.182563911826833,1.721170395869191,6.4867279477759565
UBC_554,256.116,-41.67,0.527,-0.594,-0.899,40,344.77454027804504,-0.2288431678218304,60.2559877171915,1.8975332068311195,6.310790426010083
UBC_558,259.353,-40.276,0.342,-0.734,-1.952,130,347.34508914068533,-1.372718870403391,7.244361827871233,2.923976608187134,5.308641556870511
UBC_559,259.123,-39.699,0.386,-0.493,-1.409,117,347.7137738986119,-0.8951116924818346,11.4815347022194,2.5906735751295336,5.618076781824716
UBC_562,262.776,-37.891,0.403,-0.155,-2.621,54,350.81293524574005,-2.227339564210112,11.748980193354184,2.4813895781637716,5.688084174325368
UBC_564,263.999,-34.645,0.373,-0.234,-1.719,50,354.075126214674,-1.291145327939198,25.70394879669197,2.680965147453083,5.463043714991743
UBC_565,264.004,-33.908,0.396,-0.138,-1.467,79,354.69829614147005,-0.8974570973132382,9.120109194638909,2.525252525252525,5.6127101104944055
UBC_568,262.951,-31.915,0.327,-0.853,-1.813,50,355.8914013732909,0.9273542769668432,5.62341325190349,3.058103975535168,5.076883682826693
UBC_571,267.346,-29.574,0.334,-1.07,-2.876,29,359.8792145685188,-1.03259054731902,35.48135450617081,2.994011976047904,5.128484767174526
UBC_576,284.685,0.433,0.744,-0.754,-3.55,17,34.14999503602874,-1.42707060436278,77.62468779884148,1.3440860215053763,7.050482640874884
UBC_578,301.607,33.015,0.182,-2.708,-4.951,13,70.3645777599611,0.4923734619877725,21.877623926123007,5.4945054945054945,8.134088902480547
UBC_582,299.833,38.551,0.895,-3.06,-7.856,11,74.30235282236451,4.645214345668058,63.09576215861531,1.1173184357541899,7.893834405795664
UBC_583,303.735,36.659,0.268,-3.393,-5.135,55,74.37071165021398,1.0220571670928218,87.0963704709875,3.731343283582089,7.972351141085854
UBC_584,304.213,41.983,0.54,-3.678,-4.135,15,79.0049123536482,3.676406731702361,14.125378548042052,1.8518518518518516,7.978512423672464
UBC_587,311.587,43.69,0.286,-2.86,-4.837,26,83.57888886986956,0.3242818425331161,14.454392628956644,3.4965034965034967,8.47586046939375
UBC_588,311.555,45.417,0.566,-2.347,-2.642,23,84.91301540943512,1.42137899640714,72.44361827871234,1.76678445229682,8.15736063000826
UBC_650,145.123,-49.685,0.264,-4.694,3.256,20,274.2996773149618,2.267831631598358,77.62468779884148,3.7878787878787876,8.699594116883688
UBC_652,162.381,-54.711,0.363,-7.224,3.803,20,285.84886064310626,4.066021499130592,10.0,2.7548209366391188,7.831185040514058
UBC_653,160.101,-59.0,0.383,-7.472,3.012,37,286.74985612052336,-0.3081126459653596,30.90293803866819,2.6109660574412534,7.782093272836851
UBC_654,159.284,-59.875,0.231,-5.713,2.491,114,286.8130939555391,-1.274639855928088,8.912505467113453,4.329004329004329,8.02263810579808
UBC_659,167.285,-60.687,0.367,-6.297,1.387,19,290.7306755734663,-0.2617274232450307,27.542290662215265,2.7247956403269757,7.59762353985427
UBC_662,178.897,-61.532,0.198,-6.729,1.352,36,296.3271313743023,0.6214764853478449,43.65156980428764,5.05050505050505,7.422200609240608
UBC_664,226.132,-60.862,0.296,-4.362,-3.377,24,318.4358945363212,-2.061318228395336,40.73804030443489,3.3783783783783785,6.027550410555795
UBC_666,244.723,-51.594,0.193,-3.281,-4.543,15,332.1861176899789,-0.9106840209709708,33.11311069398671,5.181347150259067,4.286479734208944
UBC_667,247.745,-48.386,0.326,-1.679,-3.5,28,335.83668822290576,-0.0533677465822425,33.88443198353887,3.067484662576687,5.469366070752844
UBC_672,253.128,-41.525,0.565,-0.645,-2.009,15,343.5013737942187,1.613146399613053,10.471285020627684,1.7699115044247788,6.4452483258346565
UBC_7,106.786,-37.729,3.558,-9.703,6.982,77,248.7423294382659,-13.345802359664566,31.622776601683796,0.2810567734682406,8.225098314952254
UBC_9,276.544,26.432,2.869,0.651,-5.404,25,54.46855446108789,16.89635796209953,26.302684539632835,0.34855350296270476,7.932826622472036
UPK_108,315.551,29.997,1.173,1.073,-4.748,28,75.0177226993341,-10.855738189523947,40.73804030443489,0.8525149190110827,7.946816931834082
UPK_113,317.505,34.347,1.434,2.169,-2.418,35,79.44762151121134,-9.234048975581205,48.97788838992469,0.697350069735007,8.024527506262018
UPK_126,311.768,43.816,1.177,-1.467,-1.964,34,83.75899746166051,0.3012174816724278,13.489632380568445,0.8496176720475785,8.073933181326973
UPK_137,306.015,54.152,1.166,-2.289,-6.064,24,89.84509677089807,9.47712372935146,51.2861429039393,0.8576329331046313,8.163658914850583
UPK_150,319.474,54.516,0.996,-4.243,-3.975,67,95.10120658178204,3.62195200789701,25.70394879669197,1.0040160642570282,8.271526645959295
UPK_166,339.203,46.927,1.508,-0.907,-3.229,204,100.3334728052768,-9.952297685196887,26.915337400578164,0.6631299734748011,8.264178251595792
UPK_168,343.832,43.35,1.654,-0.528,-3.974,170,101.54288544719708,-14.647466045736374,36.30780069327641,0.6045949214026602,8.258957534716062
UPK_169,326.718,59.915,1.155,-2.004,-2.4,52,101.66096084610936,4.90107682857564,13.80383840233794,0.8658008658008658,8.339260176640247
UPK_185,346.424,49.376,1.786,2.636,-1.929,109,105.81721941532764,-9.949626030382412,70.79456289251887,0.5599104143337066,8.289318949255161
UPK_201,344.732,61.648,1.061,-3.995,-3.376,32,109.98962266342728,1.6364195638089143,15.848924964027184,0.942507068803016,8.4903531284838
UPK_230,353.465,71.788,1.841,4.892,-0.809,28,116.88571609957296,9.832848693116718,72.44361827871234,0.5431830526887561,8.377636519514763
UPK_26,283.438,-9.847,1.108,0.062,-4.419,42,24.40770041263967,-4.981548875465316,72.44361827871234,0.9025270758122743,7.312682493521541
UPK_265,31.915,65.449,1.131,-0.518,-0.412,46,130.74517934786934,3.740058577111519,87.0963704709875,0.8841732979664014,8.72351470268473
UPK_282,30.347,43.787,1.209,-2.8,-3.227,40,136.06456209916612,-17.29380820923908,75.85777749219503,0.8271298593879238,8.707965087738806
UPK_303,40.054,40.291,4.606,18.197,-24.154,20,144.4334587914502,-17.99562561779494,79.43284091521296,0.21710811984368217,8.290835039450666
UPK_38,280.829,-1.654,1.675,-1.102,-5.202,29,30.53370856273884,1.0519191862993655,14.454392628956644,0.5970149253731343,7.613901314421455
UPK_385,75.647,13.02,3.133,1.809,-3.484,44,187.9520642414995,-17.08511277661793,11.748980193354184,0.31918289179699966,8.424269128789241
UPK_398,85.994,7.021,2.176,-3.315,-1.714,44,198.746264731868,-11.56829410875235,10.715198228903988,0.45955882352941174,8.54956410719411
UPK_402,87.515,2.822,2.385,-1.112,-1.917,47,203.249608463683,-12.285023007131125,7.244361827871233,0.41928721174004197,8.499955597001998
UPK_418,112.48,5.605,1.111,-2.646,-0.983,18,212.28471074306904,11.102289724965294,63.09576215861531,0.9000900090009001,8.88123777696751
UPK_422,88.007,-7.543,3.316,0.187,-0.571,113,212.9891786479432,-16.619509488823642,19.49844428490234,0.3015681544028951,8.365860220421471
UPK_436,100.18,-8.126,1.157,-4.119,0.635,98,218.97561401122368,-6.064133517683492,25.70394879669197,0.8643042350907519,8.806769781173806
UPK_445,92.385,-15.03,1.467,-2.634,1.377,58,221.9506409373392,-15.932840782438848,12.88249947737535,0.6816632583503749,8.62063503529091
UPK_468,118.411,-13.511,1.125,-1.53,0.131,13,232.16435822458297,7.20813761517653,67.60828566222641,0.8888888888888888,8.690885987121362
UPK_470,108.394,-19.495,0.963,-4.819,4.224,115,232.76797737181917,-4.086282525849248,41.686927362111874,1.0384215991692627,8.787476403849297
UPK_502,124.371,-37.798,1.397,-8.119,5.621,44,255.59874722239095,-1.2371399722957617,72.44361827871234,0.7158196134574087,8.328884964624471
UPK_526,115.198,-52.839,1.712,-8.0,7.415,39,265.3990575963492,-14.389557794475747,30.90293803866819,0.5841121495327103,8.186832780461247
UPK_533,122.798,-52.529,2.893,-6.788,2.615,55,267.40421530173654,-10.210310178386823,89.12505467113454,0.34566194262011757,8.144500117494173
UPK_535,127.025,-50.899,3.086,-12.913,3.217,109,267.4883485181168,-7.127363708133744,33.11311069398671,0.32404406999351915,8.142429704967187
UPK_540,114.567,-58.609,2.688,-4.827,7.67,52,270.66765624094063,-17.16811303073389,37.153537595204696,0.3720238095238095,8.125635141665793
UPK_545,130.809,-58.629,3.036,-8.752,2.72,174,275.1032465164789,-9.914366267653104,79.43284091521296,0.32938076416337286,8.099588844924332
UPK_562,165.861,-56.978,1.199,-11.688,4.876,67,288.5903586068398,2.8560592289439666,97.72367059324804,0.8340283569641367,7.896014125128166
UPK_585,212.787,-75.872,1.388,-6.81,-5.57,28,307.8455346355271,-13.76631721138946,77.62468779884148,0.7204610951008646,7.712490660743255
UPK_599,205.84,-38.576,1.458,-9.945,0.293,87,313.9447377202433,23.18287693454993,19.49844428490234,0.6858710562414266,7.697860211702455
UPK_604,224.4,-59.75,1.305,-4.535,-3.678,43,318.212329347144,-0.6747915462015243,42.65796312095559,0.7662835249042146,7.567927846372374
UPK_605,234.582,-65.957,1.319,-3.627,-4.257,57,318.8389620231481,-8.382787284207243,69.18312139914401,0.7581501137225171,7.573421947089694
UPK_607,225.058,-57.148,1.049,-4.231,-3.245,37,319.7391138069795,1.4601713340644775,15.48816822976791,0.9532888465204957,7.420375070293618
UPK_613,226.276,-49.152,1.146,-4.566,-3.64,27,324.26775975013504,8.102554303968867,83.17639172213713,0.8726003490401397,7.437863498614933
UPK_617,234.809,-55.394,1.36,-2.736,-5.314,84,325.24377108934664,0.0350190804083775,70.79456289251887,0.7352941176470588,7.529570743458962
UPK_621,237.093,-54.403,1.122,-2.48,-3.105,49,326.88888182033537,0.0232419304612906,26.302684539632835,0.89126559714795,7.391516625577977
UPK_624,254.138,-60.422,3.13,-1.422,-14.336,40,329.0689332144453,-10.68754313273609,39.81070831325058,0.3194888178913738,7.854358705064215
UPK_640,250.26,-39.494,5.673,-11.973,-21.25,616,343.6402137558732,4.589481406434743,25.118869830988675,0.17627357659086904,7.9535597102095315
UPK_654,277.329,-34.528,1.97,1.165,-8.67,60,359.53398292144306,-10.8239545565062,79.43284091521296,0.5076142131979695,7.623434411103252
UPK_82,298.285,26.379,1.842,2.358,-2.138,83,63.20399068655868,-0.5430641181883369,81.28302305789093,0.5428881650380022,7.892158720153239
UPK_88,309.476,21.462,3.4,10.213,-5.266,24,64.725604371579,-11.785297083223028,41.686927362111874,0.29411764705882354,8.003308441620609
UPK_90,299.777,28.422,1.228,-0.824,-5.705,41,65.63782501416352,-0.6150725211412721,48.97788838992469,0.8143322475570033,7.821359356566042
vdBergh_80,97.739,-9.625,1.025,-3.298,0.418,75,219.2474133125457,-8.890908416480578,6.456541439665037,0.9756097560975611,8.889396651426342
vdBergh_83,100.025,-27.189,1.034,-2.896,3.199,48,236.44864306195765,-14.329566424318156,30.90293803866819,0.9671179883945841,8.675100586833683
