source_id,ra,dec,parallax,parallax_error,pmra,pmdec,phot_g_mean_mag,l,b,pf,type_best_classification,pl_distance_kpc,r_galactocentric_kpc
5338024572321721216,164.46107872433964,-60.74208432060505,0.4137353685869593,0.011167433,-5.819377155428378,1.3599726298495696,9.513883,289.48925445230054,-0.8699490851073537,4.266072139827661,DCEP,1.8212330889861368,7.708047638553807
4094784475310672128,274.24882157138273,-19.07583147548117,0.5742031493221923,0.027733965,0.9790249382265857,-0.2235557106204604,7.682094,12.109010467744168,-1.323249191495382,21.84747820191288,DCEP,1.7358045255463255,6.435573066523629
5258904608895410688,152.30668209632992,-57.24258884780392,0.4085287039500881,0.017520247,-5.313136045125852,2.5521594047192817,10.56435,282.3320934801723,-1.0071555285161953,4.091211534784611,DCEP,2.8947186986525706,8.018879973173991
1820309639468685824,299.005263800266,16.634763461606617,1.6673186211551927,0.11061882,0.3748633774126357,-7.099667404954407,5.461868,55.16821092316601,-6.119235182875808,8.381965517362739,DCEP,0.3915795224918964,7.90607832122003
4041690364529590144,267.7181112584579,-33.705676248707995,0.72793709911494,0.032087274,1.4852699242613905,-1.3879323984665772,7.4897914,356.48924494063925,-3.4196751220213093,20.329497690713037,DCEP,1.5339396825840763,6.594331887288294
4147381366335558784,272.50887793974624,-13.545961888655592,0.5351415727679009,0.019534282,-1.4080518933595128,0.5226403136914374,10.01851,16.166891486977892,2.7887697468233705,5.301039328916447,DCEP,2.554081752264001,5.716129564863396
6054829806275577216,185.3379293350685,-62.28163515187921,1.2105790668398266,0.014247865,-10.914670129267629,-0.4712079719306856,6.35187,299.44125419309074,0.3860308369744495,6.733207560857596,DCEP,0.530262901737671,7.874915871621394
6032528343185996544,249.9965036563848,-27.889433154539677,0.0696768966161801,0.027781984,-3.614314719691642,-0.5656775586722662,14.792226,352.39081354627245,12.330453818199771,1.858182360064155,DCEP,13.811536061305418,5.547698438499639
1454784317416279168,205.54851229948756,28.37044707393625,-0.0601105880050509,0.06960228,0.229706229198256,-2.6990261176348858,12.44537,42.18211051766884,78.70716491070984,15.298751393327093,DCEP,13.085455717035954,6.456686474664112
6770375480925699584,287.7349380622648,-24.634061826488345,0.0673946182408425,0.021007078,-3.447238994403912,-9.04524736342392,13.08459,12.592395594174006,-15.00004547169844,14.215560259636373,DCEP,16.94728641083476,8.626865798070801
5338438297925480320,162.89898382018504,-59.38499263906933,0.5128611311642796,0.017779712,-5.595819839943948,2.553204499235105,9.520285,288.1980739475709,0.0143903506176732,4.677203721087122,DCEP,1.9103243918919928,7.741127361322337
4265899816338237696,285.33220795088977,0.1470031062394966,0.4723784871656722,0.01907913,-0.0203395242235024,-1.5592871559061183,9.433443,34.19089494731597,-2.133470117774771,7.304052113220615,DCEP,2.2804404924407455,6.36710910486168
5964193485048327808,252.91060533044657,-45.42670590080732,0.4315331149425234,0.021069447,-1.3663356598403356,-2.497275786730543,8.963354,340.38843644512866,-0.7447580687111556,28.696567942641384,DCEP,3.5762864995012307,4.902649825832124
6053649721047932032,189.0719017909057,-63.29349505798291,0.375639227734181,0.01703343,-3.988280792790533,-0.8619190537329114,10.896206,301.2306368442774,-0.4718018075242458,6.165979228599984,DCEP,4.11854487195168,6.945636727872176
5350977643913585280,161.52428498085698,-57.54752081568636,0.5002828307371373,0.021853825,-6.458917820025477,2.9752400901192995,8.878282,286.72362057860647,1.3255662655486893,4.8601193562826746,DCEP,1.4481745906861905,7.829149573798882
4097663134168262912,273.8306885329002,-16.309579987362604,0.1799526426314486,0.041810423,-1.4690312122623668,-2.885755236198605,12.960575,14.352621628379042,0.3434019688205056,7.181917206283982,DCEP,11.478319827896952,4.133146857034894
5880087446907041152,226.44354136734265,-58.38196285352751,0.2933308690895849,0.029336894,-4.994953335633673,-4.1120813513419865,11.137751,319.7896532594244,0.0227825096834077,16.708700574457726,DCEP,7.480182625455502,5.396923670038299
4069887786823732608,270.92392369849176,-22.18298557458424,0.3393156222473881,0.030685266,-0.9005291102642013,-0.8681354256215814,9.423871,7.88550407948025,-0.0989965228446111,42.6863249911497,DCEP,5.364509773466378,2.9030645202073115
5338036117182452096,166.0560674691164,-60.97991402522779,0.4604779307805893,0.017988017,-7.276595127799704,2.622010149074137,8.311601,290.2949233687117,-0.7663336855265664,16.646755359995506,DCEP,2.03187303586348,7.6581688728276465
4204653587029046400,287.08654406188765,-7.437769209883273,0.941018110586877,0.03425026,-0.1568407263979586,-5.574876403247552,7.3527784,28.198575521228285,-7.127352292764787,6.807355952226221,DCEP,0.84525842697014,7.393447178362689
5823134325151372032,240.29462689966624,-63.77654925354427,1.1014269876428249,0.021513244,-2.3860975956213637,-2.9086151578350434,6.233585,322.1294709946873,-8.22385531510904,6.323304317755489,DCEP,0.4870222540272576,7.747151010943163
5887482762148283008,228.20631607054665,-54.75527921876983,0.5091717771655467,0.01775859,-0.8971451225884857,-1.8211424149414768,9.106556,322.4564792711986,2.6660202685670487,8.21842560033969,DCEP,2.0777335537489963,6.59870183758618
2071433765909167232,308.22621041712125,46.601248715704585,0.4186396791639282,0.012402076,-2.17597438398737,-5.59731715652863,8.952725,84.4457825785724,3.9764370883500098,15.114398182781112,DCEP,2.604327064070704,8.284447699243039
5870635357809169280,209.77230117388305,-58.78624737596382,0.1181550693104105,0.017518282,-7.146420897101442,-2.758784708709144,11.819108,311.6145401360826,2.940368305024424,5.820103074491418,DCEP,6.125103568073226,6.115149050346943
5333259323269569792,177.31664685852726,-63.078576037418905,0.3997939756010625,0.012004086,-8.540717683499357,2.004862141784701,9.857286,295.96226928608274,-1.0511963787009524,3.1749662810162067,DCEP,1.8474139542786745,7.499559834429872
5619192029327633664,113.15269930334432,-21.930427617191047,0.656420349465145,0.021574162,-0.9953758426347792,-0.3287727117585305,8.126852,237.01626238279505,-1.3053345716516938,3.0121145981256925,DCEP,0.8115961364327666,8.590722610591126
5871922507947292032,205.07765290606085,-57.61318392066688,0.5516408883784639,0.026197053,-3.646810614685647,-1.358617008975077,7.621872,309.4623462678601,4.637570854614659,10.952890439520342,DCEP,1.2061643253734744,7.416217043014286
2339024075412307072,355.873243578335,-23.87165732717886,0.0045456319643354,0.053263046,-1.335137808061729,-2.738119944166092,15.626964,41.15714971135632,-74.34006977239694,1.7920997990451577,DCEP,19.931056559475348,5.395624565924926
6579966558345051904,318.9554737043117,-43.19448241000175,0.0727837747285653,0.023800565,-3.947407932977048,-8.701806917155018,11.435812,357.8765030781313,-43.97649353513632,31.657147303851357,DCEP,11.713648138474188,0.43421704812077044
5867251679452872192,211.28961749981332,-60.47905962348727,0.3152454451409572,0.01887061,-6.615154027933405,-2.427605330317907,13.059448,311.89559315987265,1.103338785499773,4.948229392878148,DCEP,10.019693634962143,7.593222463207865
6054992602724692608,188.59724588986228,-61.23762317904804,0.1702578043107043,0.024654083,-5.983682334485177,0.2505777270327738,11.256886,300.8817138417728,1.5662406684873136,12.213249434108164,DCEP,6.783400838341177,7.443887236282293
6060173364074372352,193.59157470682527,-58.43063287085863,1.3245186501149808,0.023646228,-9.64125702750692,-3.910969970186537,6.4713736,303.316339432337,4.4389313440519045,4.689797153353072,DCEP,0.46977899312449745,7.87447558921801
2006989121667184384,340.3604951280684,56.43277230583142,0.4011993329434835,0.015378677,-3.755484683793001,-3.2176926963077763,8.684987,105.63906687779836,-2.010605337129965,6.416020246553356,DCEP,1.5167293788275475,8.654605128932399
5863389404349089792,197.76854681801305,-61.62705264149672,0.4802275951354016,0.020440346,-5.57079607263013,0.1681572300121523,11.180207,305.2630159061509,1.155788794828593,3.7186695388981774,DCEP,3.669297880580074,6.709760976950799
5964452286916530560,252.56140073679748,-43.56965488989704,0.2646089706504,0.04005512,-2.486173930413229,-3.644330780971632,13.710389,341.6590676809332,0.6322795615895723,6.15620341028977,DCEP,15.039894318704421,7.7623747002647265
2055014277739104896,303.0951055522788,32.871599665362666,0.5130008170404031,0.01925514,-3.293417147799245,-5.1853940550774,9.016481,70.9238326765756,-0.6333933215640619,5.954939175765905,DCEP,1.7038543005470765,7.734632336431684
4258250788823152000,280.9447799977484,-4.125923227500956,0.2018054993700167,0.028919682,-1.089640868593967,-2.7674367533998088,13.200932,28.387637586280565,-0.1804012826189233,7.2543954078737745,DCEP,12.884679492506184,6.917391818077578
5865376148813776640,205.15813451214143,-63.37499616664753,0.2699849683455959,0.017357167,-5.624748941799217,-1.554953146899068,12.234218,308.4105499540467,-1.027741412824408,5.55485667685776,DCEP,7.248849261401827,6.734258023737788
2161786374436607616,315.0265808900824,42.597550120532624,0.7954258009301457,0.018620951,-1.083713584429861,-2.193792637728857,8.521427,84.3499888108274,-2.30172554524368,14.712201123607702,DCEP,2.1073230827604394,8.187375673603352
4096341040228858240,275.27307925487503,-18.455473829661344,0.3715626418772479,0.018833546,3.399685329683296,1.675157279001518,9.810608,13.114236491274015,-1.8851047703091188,9.761957813738649,DCEP,3.1246808421245205,5.129635164612364
4265371574109405824,284.3511064872216,-0.7302390459806162,0.4343895919199536,0.017349016,-1.688376678014055,-2.317403177758246,10.616687,32.96207162117619,-1.6604726127931255,2.9878514658540816,DCEP,2.5444636395663554,6.145832315280986
5350852677538959104,162.75754894134533,-58.59058477984038,0.2270124717761337,0.015993455,-6.674929632715693,3.15414709875478,11.045969,287.7789730545983,0.6931806792074092,13.453151928860816,DCEP,6.452325435453632,8.694357690687664
5927687916632523264,250.5374252534183,-57.31247386658777,0.0487379662265552,0.01587179,-5.712441443009204,-4.070498804255742,12.807571,330.3249012278077,-7.283506009706248,5.957459001755368,DCEP,9.7665221592941,4.805277458019285
2057392418305405824,304.0126834046141,35.702031544849774,0.3727150629410965,0.015199068,-2.9551580800117114,-4.887928136436472,10.697608,73.70028494079615,0.3032859520963218,11.815618140996646,DCEP,5.15930007367704,8.310428506366963
2010285491880986112,346.7919816563639,58.55419147277006,0.4362767267755628,0.01241254,-3.4132777855078267,-2.5668483570652283,9.355734,109.6738687839128,-1.6076077050012507,5.44091216438759,DCEP,1.9062872889794538,8.945331498011372
5338148473537341312,165.30988772171196,-60.11656052689062,0.233280203755792,0.012447756,-7.867524624876822,3.0272892040052133,11.102257,289.6087470857973,-0.1266815329008005,4.585826712495367,DCEP,3.9203807429845674,7.743683738176635
5242088403212116864,163.61188958623998,-61.34709930702567,0.2151916183778127,0.012024931,-4.777665768085546,1.8006395885523925,11.553747,289.3775503505773,-1.592838449105172,4.759590717812372,DCEP,4.914653481018978,7.976474941477531
4512633184897230336,286.6923009004699,14.92949814901056,0.0342526794905812,0.023567665,-2.0714619618842867,-4.126733536103017,11.200352,47.954891236451175,3.4393416460837,38.635933682223246,DCEP,11.580803622345238,8.593032731765556
4698416118397803776,25.20499175660085,-67.49499464959712,0.0273291718265143,0.01705881,1.7326388730104192,-3.890357916275066,14.373486,295.7745992338774,-48.941300890568826,1.122585998478277,DCEP,8.910378739142768,7.673369247107288
6143459892364148608,182.3491911684501,-45.42635014765702,0.2041837568168645,0.071679845,-5.895302448803927,-3.699886907601761,8.858927,295.24608846098806,16.81707666201209,32.36639818842499,DCEP,3.6141133002141888,7.346222602223145
5864522588553955584,209.03466679824828,-63.01576010436715,0.2954919089716918,0.020480992,-1.510175913037321,-1.6970883028085937,14.883258,310.1949087947954,-1.0599873401855486,0.5990258658944467,DCEP,8.29848270367108,6.9154982348239
4260210878780635904,280.34067090820474,-1.1112339934432116,0.2407960674033373,0.03008307,-1.1621016077942574,-2.499565444320786,11.081848,30.793571231842314,1.7341584825626295,17.14244457957907,DCEP,7.381632065321096,4.177350789341866
5337257834740652160,167.5535734066273,-60.84746534158335,0.2018912623395308,0.017083177,-5.1617965755525,1.727549562076065,11.160567,290.91321244722644,-0.3598543860387728,10.276747121444354,DCEP,5.965784830982765,8.183216643668063
5941493178470214784,246.2396719235908,-48.55708230707505,0.20542202382512,0.045120247,-3.0635564215256785,-3.654190522142867,13.905225,335.02197185495226,0.5479243314758424,5.5551623492310025,DCEP,15.648838476479343,8.967541148394508
174489098011145216,71.94298042330281,36.72278112167541,1.0566163862524085,0.028701555,0.2846638858612442,-1.3696756676523318,7.085648,166.61765513134935,-5.385878519793774,6.463491956463242,DCEP,0.7287852113473748,8.829463677143329
5255220656517219840,156.71193526801255,-59.66953168939124,0.434777676621532,0.023605859,-6.787916144148639,3.984376788861304,9.135798,285.5935102730289,-1.7566897521187563,5.345891010231648,DCEP,1.7079474713585285,7.837529891682203
6083701332348843392,201.65749457559687,-47.50709129741748,-0.0041913610249166,0.03713,-3.761886003318786,-6.808893906579235,12.580485,309.07062496246414,14.944759364071867,4.475922743949542,DCEP,7.653196296271599,6.703589076801909
4396509638666473856,237.9441242146468,-6.906221118628427,0.0620481531758692,0.03727056,-2.687625533687757,-5.396167855884369,15.181331,1.6798723524453023,34.680329490520364,1.179891320417766,DCEP,13.243297364051012,2.782183163659821
5337764640889249536,168.5883586370281,-60.05291804008801,0.3226731987359124,0.0141446395,-4.639438953280419,1.6089990257236992,9.326704,291.0902054556118,0.5677087531890948,10.71525547633743,DCEP,2.616575268886509,7.584130131949354
4323441662195363712,292.3540333883923,19.15638391703754,0.1578079981173609,0.021665027,-1.9338803727231728,-4.590232321423955,12.92747,54.22388471852126,0.6275313260884315,6.130811383352372,DCEP,10.466144942378456,8.7239628596344
5250032958818831360,146.31159319122628,-62.50786736246062,1.9841691082382484,0.11012618,-12.697378111120942,7.988198656204496,3.4711742,283.1989378067212,-7.003813745498091,35.558059912077,DCEP,0.31647813559410437,8.056083587075596
5523162573544337408,129.25540006750467,-44.114653602903005,0.6519868594191308,0.016741946,-4.613122355522887,5.829876126521318,6.850103,262.88196685514094,-1.9107633259468928,20.42887829096481,DCEP,1.1452547231515382,8.341521737706303
1248397910338129664,206.21860421222848,19.470843563202337,0.0180163187265305,0.027594142,-0.2131369589954964,-1.3132844811017717,14.734908,3.75801274542445,75.55270362520704,2.0775633150327733,DCEP,14.203102809566865,4.591973729222242
6704675469275527680,281.75810800015506,-47.3534858161307,0.0409877616195172,0.030971529,-1.499474169277946,-2.790766133395459,14.969048,348.6505659102665,-18.893388853367647,1.0073728275571872,DCEP,11.119963729599887,3.016024947256247
4305905413775436928,287.2657991935098,6.463575806152712,0.1635837398758791,0.025681917,-2.1611679689486034,-5.070078490863766,13.591185,40.691468886532434,-0.9518101268221068,4.239630433182573,DCEP,11.871643038774799,7.788740510115341
5254512193075687168,158.63078840031983,-59.80853832261912,0.280707558963442,0.012096776,-6.828717014124448,3.6400339752500175,11.93952,286.49514923144824,-1.379896555312124,5.573158215277816,DCEP,6.339065107755893,8.769184750505358
1960981328902089088,330.10475637178973,43.44535204903554,0.5554901042127909,0.018668812,-3.452901463474493,-4.015830019525619,8.614144,92.9729450150164,-9.258542444936804,5.331728887998482,DCEP,1.3414751095345694,8.296704567227245
2027621594813939840,299.6673536046732,27.683665136381634,0.3127580551083698,0.029546292,-2.853934137241927,-4.892645169602179,10.410435,64.95815180465615,-0.9194383904029756,13.6036295078928,DCEP,4.841302633867057,7.491041388768678
2004036486267748352,342.2632266896362,56.428196636501234,0.4965853539518501,0.017659366,-3.295879092899076,-1.4419772800488435,8.115799,106.56851976222214,-2.504926962850536,5.445366015701612,DCEP,1.077393689301099,8.491839838282983
6057514092119497472,183.24856425678504,-62.096823487166695,0.2928650476650513,0.013239264,-5.338066740654611,0.4730814908790555,10.5698595,298.4505780777275,0.4399658906459562,6.396717191824198,DCEP,3.607823395645941,7.145883123395018
4049211264556317696,272.9941799483901,-30.8258619024658,0.0614008943386078,0.036323734,1.1674839288229746,-2.392349853806609,14.686659,1.2012534457321191,-5.895692377480322,1.484320006685606,DCEP,11.792681622677364,3.614103003614603
1825437177598003456,292.79366761247246,19.25704119473342,0.2232400071882825,0.027723193,-2.5592224461692075,-5.414991997197005,11.387358,54.51148504561332,0.3116451731969691,12.895141297569442,DCEP,7.396623795020895,7.136108885763239
6054836506424835840,185.66715621139585,-62.1599126123532,0.2442134432248593,0.018613623,-7.450142598439554,0.3018294000799253,11.345231,299.5798278081655,0.5244471079645555,13.773109152687889,DCEP,7.491009366059874,7.874793580008543
2033589572148408832,298.5974363116605,31.226910553040305,0.1925411172713574,0.01221402,-3.586989032650066,-6.1102962228379765,12.223854,67.50185616385113,1.717411932243626,4.850897985002396,DCEP,6.7535732677663205,8.341253260377316
5932882731154933888,240.67669498067124,-53.541637211130045,0.1861113563074831,0.016889509,-3.974676246621781,-4.302626807765956,13.218521,329.0590395208736,-0.6652655771020863,4.594816847458314,DCEP,10.399089271909897,5.405409426981575
6059635702888301952,190.3584182139085,-59.79418647823048,0.7421630410367415,0.019866327,-4.421506914275521,-1.8468505400557864,8.119241,301.6721267885628,3.053090128698116,3.837622498272903,DCEP,0.9100177827367855,7.683886284956231
5853901851624637824,211.9249976828373,-63.25433464546136,0.2145327165975305,0.019477446,-5.658117718337896,-2.2788655731460574,11.688263,311.3886557738475,-1.6416160197208258,7.797157370567708,DCEP,6.649687793366603,6.225835248628962
2060021625508894592,302.2823184152868,37.15195204657491,0.3859032898628231,0.011156749,-2.3967714325819194,-3.790586731006085,9.520483,74.14500799394038,2.263571102141729,4.364672314522367,DCEP,1.8472201128856391,7.821915660182257
5323839566610513792,136.65872115842834,-52.35745693699326,0.3276161716900183,0.020991083,-3.437901706954559,2.1288803538156458,10.723827,272.37520781263663,-3.365118221045308,6.255661998356016,DCEP,3.8310898358581134,8.832830762080516
5973635442376616448,259.35609872277564,-37.31884253904908,0.4792889928487128,0.028500443,-1.0392289108431505,-2.3437157422311,9.63253,349.7603187782752,0.3338398775162304,16.265610206197454,DCEP,3.6913320748491927,4.537222532500288
5878506555352293888,219.96837681700103,-60.56112578945733,0.2195488736082783,0.029944787,-3.1895646331443324,-2.647324993048434,12.727329,315.87438891490984,-0.4433294927376175,6.749790502820658,DCEP,10.002379880265414,7.027257308095645
4474685052840153472,268.92601085688074,5.86936144655579,0.0333574607745951,0.021707334,-2.518857318260645,-5.583723166130036,14.296474,31.85125975100555,15.058814440456215,1.8997825937363944,DCEP,11.111552678014482,5.748664807155503
4252368406036530688,281.9215095053351,-6.90671544848629,0.3722575039930927,0.020797612,0.577617812915242,-0.6278774265844775,8.695228,26.35554518604536,-2.3136694833915645,6.439691710768488,DCEP,1.5266351127747964,6.78902162417224
5506374096132016512,114.57584255203928,-48.60140948568053,1.2142443576662512,0.041856103,-3.857210148438788,5.650582172899645,5.465354,261.3133084281068,-12.857806186317772,5.694735343932434,DCEP,0.32490518016834213,8.175838739522817
4050309195613114624,271.25513249315395,-29.58010989671201,2.365032746876402,0.17654313,4.372350748078841,-4.587867195975866,4.585245,1.5757811405567923,-3.979609680798807,7.595387017543044,DCEP,0.249259676567707,7.873438340369402
5852389305960163328,208.7554087093698,-64.03194811571124,0.3097896641530375,0.01542034,-5.344515350077789,-2.007637595893144,11.363097,309.82418010958213,-2.0143433418050627,4.169428997539113,DCEP,4.220476619744576,6.3148979148101
5855852527008107008,183.195809712966,-70.15179538057423,1.1706956927919685,0.091859415,-8.139073803806632,-1.5108296223786095,5.8812647,299.6361477880107,-7.527787516229506,9.659262719577312,DCEP,0.5089792240329578,7.884691336006454
5942939586042680832,249.51181504517027,-46.35579197849785,0.1475279626268948,0.028038304,-2.599124114312396,-3.3872304012422267,11.438606,338.14070335756827,0.4409816495310734,18.971009412782102,DCEP,9.139919436219595,3.4219958681850344
4056257794056305408,269.6977223877243,-29.87683369065138,0.0828737941149001,0.067719,-2.4492475818521884,-4.015906990466657,15.336242,0.6509329553213418,-2.947678273518796,1.5139184813240825,DCEP,16.058520004924542,7.916335069499958
5339394082770287232,167.42134476017733,-58.83771478223414,0.8586829351745597,0.014969537,-9.693101234207392,2.501079238076864,6.5774384,290.08523742087857,1.4726537475964183,7.719662455778343,DCEP,0.6288159678618583,7.9281369366374514
5338131529834231680,164.77043268937348,-60.278841586534114,0.1945415511778507,0.013007403,-5.9149909249027806,2.1066751997963413,11.716969,289.43225534903416,-0.3856615589051853,5.49499926903446,DCEP,5.68234553368947,8.218658712883768
5519196703818908800,122.70547092228826,-47.69852752693927,0.6799677466559306,0.017354988,-6.703623557811435,8.114833686075299,8.080693,263.2286508045036,-7.694955677418377,3.6727726184612655,DCEP,0.8750911630274334,8.269213850875195
3635683287713853696,199.30949034377585,-5.0828547498005445,0.0358917610346804,0.01938577,-5.094303075381698,-2.9344720575617647,13.138709,314.8496321992135,57.19069502778384,14.465148975471363,DCEP,17.52287933926861,6.880713649535512
4207681367143932800,292.3390104415707,-7.044125973656825,1.7299832017287864,0.08748936,0.9689800414348017,-11.962185142656065,6.1610203,30.906952177480036,-11.61822010894366,7.0234592829062565,DCEP,0.4957335280863117,7.70940961442456
6106264719667890688,217.75715567412945,-37.79754595560472,0.0382615567313843,0.039462604,-4.243035279827237,-3.377430744066144,15.082312,323.80766176556784,21.003943678561768,1.4019866139611348,DCEP,13.761714159652625,7.911894563379338
1825190337236422016,293.936476713444,18.945151126489623,0.2640793215145402,0.021522706,-2.389004264136932,-6.570146153639259,10.669123,54.76121149969327,-0.7842870356326046,32.061229190006614,DCEP,8.280130495501313,7.544264614703207
2030063919381336832,299.7949761560388,29.450723167184098,0.3890760568171093,0.014379238,-2.3548928443151125,-5.079738722183487,9.393191,66.52199590886873,-0.0889691420576711,7.818315864271902,DCEP,2.31398243970006,7.506419016327192
2166861170366710272,313.7396986525092,47.53378952313481,0.4099887735978065,0.0116982,-1.9827964916892344,-2.994803790323169,10.372326,87.50433764614382,1.6027372650113385,4.049253856355006,DCEP,2.636459608524694,8.4290131181225
455914562346088704,35.965586854473585,55.36485100844179,0.931817672632079,0.02474584,-1.8784000938842176,-2.440435204744288,6.000012,135.8730735800153,-5.167533285008711,7.572579841010747,DCEP,0.4774955516547005,8.46982716064057
4258464094075919104,280.6865831459708,-3.7454151575375456,0.2687781006803593,0.046957523,-0.8950073720417188,-3.2846399849703847,12.498404,28.60833136230781,0.2226274555908784,18.32381539208373,DCEP,14.640640196728281,8.457302597207864
3046774762417915136,109.1568033684954,-11.487297328637457,0.800598461712869,0.029132342,-2.668324262521957,1.7984660021359082,7.9389024,226.00880856783445,0.2782276991234847,4.678368934320488,DCEP,0.92232353193927,8.78767841178452
5935042378098601856,243.98143545539253,-51.12072866765944,0.3087115491619392,0.015327981,-1.8757438340081296,-2.400584748725935,10.350718,332.18344073099433,-0.2485527313041453,6.812697523786934,DCEP,3.3631275443890996,5.38143942398074
5856994365517642112,194.75148184559328,-68.57854707760312,0.0213394096922827,0.012982829,-4.88416882790468,0.5507391777811383,13.255069,303.62627207513964,-5.717000780999618,3.797248866551519,DCEP,9.637811135815525,8.465630064115263
5964704143786910720,254.7377800422773,-43.20532943881225,0.3804640186531334,0.02790471,-0.8941195818196295,-2.553154212126996,10.953023,342.9380634815203,-0.3668844412700026,10.990776653123172,DCEP,5.6023090568345495,3.2178548757585452
5942521668514052608,250.33349872580848,-47.66081712459975,0.2657083668570672,0.024859367,-5.537505995280741,-5.040943253116074,11.652522,337.53841808213707,-0.8451891809450484,13.004905035821151,DCEP,8.391878038376367,3.2268918585366526
2065869957888142720,312.6896268455626,42.17016273408198,0.4967802871689176,0.023328453,-2.4693538405908013,-4.074300591092771,11.361844,82.90781713233109,-1.2604142552019446,5.68437306697526,DCEP,4.905343227068655,8.954436909831015
6055722403534963840,195.7944873478524,-60.87746857332684,0.5433510855828068,0.013036657,-3.5084259585990543,-0.6292936880182557,9.536101,304.3606870245529,1.9617085286476712,4.424317747965537,DCEP,1.8728939498855934,7.23254050776505
4078780632556599808,283.57676243450845,-21.846855939096866,0.0402207175554092,0.021518495,-8.091833923819342,-5.2578661430374005,14.402386,13.584031666638577,-10.371224327972676,2.0330320095281533,DCEP,12.05856862331684,4.401611933781246
5546476927338700416,123.26754647232931,-34.57851289631536,0.5692976604408282,0.017171014,-3.518091222163489,3.1263203634281527,6.638235,252.42745587771608,-0.1871607737077843,41.48539046921597,DCEP,1.4667857074873445,8.67823745322204
4258436301367796480,280.4849249780467,-4.110663124340025,0.4815933843724023,0.023749035,0.1285997339335278,-0.6776762126701238,8.713349,28.191506495648863,0.234498260173698,19.704220063196736,DCEP,2.6540673337608713,5.917160916897779
1825211056159949440,293.80677127847923,19.202388023896862,0.2957796895240155,0.022365743,-1.608591847439332,-4.521668179053499,8.8266,54.92631875974718,-0.5520348768881688,51.56622516517993,DCEP,4.4673544886733625,6.650164455701548
1208200864738741376,229.11867976810524,16.444300642095737,0.2069531664941108,0.021600617,-15.301707159036184,-13.143684924767356,12.106648,22.86522313228647,54.82218501702525,1.1654208717158157,DCEP,3.1948419539637216,6.465709027572517
6153387928308811264,189.51588916607187,-38.5235020241009,0.122989228154879,0.017868496,-3.448264759036459,1.7676013801008164,12.069437,300.0627895852176,24.27372945306062,4.320896509905637,DCEP,5.945348201197156,7.15805739547522
2028224024136014464,296.93528048837754,27.918230473453452,0.2227043694401971,0.018753136,-2.5826232259648463,-4.689294711944578,11.292205,63.917382348513726,1.2742426912777909,12.22764316271252,DCEP,6.8985912944477805,8.017276889942059
5308893149150949248,145.2927195231452,-53.81603750377876,0.2610801889899076,0.012454911,-4.567371059079461,3.130773897817845,11.1879,277.0971198352078,-0.7741918416526214,5.904433801414301,DCEP,4.612269319542811,8.830638580353297
5932569709575669504,243.32248330227355,-54.23489685835529,0.4664669468312262,0.025073968,-2.0659942988992217,-2.6340424256390995,8.036095,329.7453789346131,-2.227602619130156,11.288610615285451,DCEP,1.4812795449002558,6.883960687001412
5881792750773412864,232.9925565165384,-59.66783317478479,0.1208990206930628,0.021824434,-10.181755742178094,-1.4798949855525152,14.442894,321.9532347475526,-2.862235357171709,1.2483081669995784,DCEP,9.687938545863632,5.984379303127845
4057701830728920064,266.89007492146686,-27.830834617754377,2.8057114280856257,0.13998193,-4.947724840840441,-10.552813466243723,4.327284,1.166233542083915,0.2092825604735086,7.012112432949166,DCEP,0.2128918491120067,7.909154857830553
4323381906277168256,292.79995144107386,19.022025098858965,0.210094091684981,0.02137261,-1.9724626241630192,-4.497589168840734,12.490611,54.30831377094485,0.1933656038212527,6.323798929583424,DCEP,8.68901507696029,7.688859303760697
5935454454446498048,245.6056868506429,-49.24581564780362,0.1820000108952333,0.042279553,-3.440738231015944,-3.7014337399463177,13.037912,334.2391027127682,0.360357982382099,10.099472028476034,DCEP,14.042874822312971,7.597620842676949
4269036830424588800,288.197137804185,3.557397813450924,0.7018469278191506,0.024509827,-1.7020872348545164,-4.471813556027022,8.005132,38.53882661081693,-3.11490378474398,9.480639154572176,DCEP,1.3412983582839204,7.123448680777549
4240272953377646592,298.11824336043924,1.0056218968067914,3.671496142191913,0.19419388,8.89020579424654,-8.322008917309102,3.7476714,40.93431036815569,-13.072696669079187,7.177249726398162,DCEP,0.1648770059190515,8.001361830217796
5351428787262634624,158.29513571606128,-58.4986222419148,0.4456675107013027,0.039287828,-8.556528338910724,3.4369573059631047,8.032742,285.68762324313127,-0.3341657844623977,3.640135309213823,DCEP,0.8522658377235426,7.934097976473753
5878403643615416448,217.8552274843924,-61.25275089071989,0.1875605824742083,0.021947244,-6.955391248972688,-2.544565779290473,12.409465,314.6583356567204,-0.6782366420385497,12.73505683044227,DCEP,11.77098028132264,8.373599770096293
5333340824575196800,175.24384278025428,-62.692474345078686,0.6387556309165746,0.015329676,-6.735716359571242,1.6413846029601171,8.632669,294.9503674010232,-0.9177371587571124,3.335355125629411,DCEP,1.0766261381187483,7.729769692986642
2003938801532007808,342.1582886448471,56.32153324908271,0.472487408483608,0.016014785,-3.237028805694703,-1.4394811102950131,8.771336,106.46820922234242,-2.57356666250502,4.983511336273528,DCEP,1.3955161466891908,8.621493914915918
5893788220810031872,223.8142620944012,-54.054821123869125,0.1300914197909128,0.0179608,-4.863497871226815,-2.891707539162563,9.771336,320.5625405108307,4.523590642898477,48.91648606647089,DCEP,6.727279717279619,5.177567570023592
5258574068224211200,153.886891979742,-58.17443820997405,0.3269844428413577,0.014117032,-5.915236065976495,2.5999177481845965,10.327474,283.5568362927166,-1.2925445016723454,4.932464288647911,DCEP,2.8430511026466814,7.951278422710586
394818721274314112,6.581045994912247,51.28034347101264,0.991177518572784,0.023110967,1.3062675645745303,-3.481778079619432,7.704846,118.93047009383238,-11.396183042659974,2.138867774689853,DCEP,0.5656163889002535,8.404243024114699
5338207327417387520,163.13666954657472,-60.5267533612129,0.2050221364389111,0.012926542,-7.137589490694818,3.119475014411952,11.085613,288.8104591494736,-0.9565848688416828,4.674523060393216,DCEP,3.9269146106933253,7.79859896127375
2171569966347494400,324.3671802387597,51.76247225823111,0.3693521318249753,0.017357217,-2.8889741329004512,-2.9443047037005057,10.010936,95.31861518199406,-0.3951106116075547,6.118697188746692,DCEP,2.7293647621248045,8.804858362003682
4980356188527065472,7.672437390421494,-44.27295218945739,0.0631076828359641,0.023168968,-1.3407623191004812,-4.492425219874303,13.366962,315.26302791107213,-72.35514990163894,1.900710726053602,DCEP,7.243953620440104,6.741788609389903
4266208813461315072,283.3245012181408,-0.1075985421960205,0.2143435175681138,0.024578635,-0.9587866450100654,-3.279265861253001,11.033095,33.048201939951554,-0.4629262684942522,8.796098306981008,DCEP,5.215140796823402,4.707036837758566
6666081030586994304,304.23545273300226,-51.25320024544086,0.0763115638625405,0.021484364,2.329001370043361,-5.974779933524316,13.93676,347.5766466850504,-33.96309834764971,1.09066052378788,DCEP,7.18535682322419,2.6349733798760564
4097241677618247040,273.7729309048717,-17.551644639962173,0.3792515386695579,0.04687702,-0.6056731782409276,-1.5166394844821316,12.578486,13.23461640794486,-0.2005218716921259,12.518316148425994,DCEP,12.617867501855192,5.065155575445338
5351423049186195328,158.22526358027645,-58.52099597883872,0.1793727428468763,0.014860051,-5.824464772048213,2.866416429601805,11.063302,285.66743594427027,-0.3719171858563108,9.756255662893835,DCEP,5.561870546009203,8.514810051972255
2027952753983439104,297.67973829638333,27.406636856101034,0.1480341937690363,0.018089121,-3.0346088305889314,-5.299244821775622,11.744125,63.81070872263754,0.4465307369313693,8.305996267604451,DCEP,7.036319461298227,8.064189040232543
2062267687221984128,304.72629821519405,40.06447451486408,0.4929265401671995,0.015814275,-3.3244629050388017,-4.558570665226849,9.948211,77.6301781344465,2.281426023659838,11.211205230497471,DCEP,3.5612696416404064,8.139209454778198
1825559704420479360,294.1271137441332,20.041386712136763,0.2216065066741497,0.019780826,-2.630449329187854,-4.873848195108558,12.0560255,55.80606201554861,-0.4068800393926873,6.34262870194585,DCEP,7.123318027393172,7.188770454729803
5891675303053080704,218.1377927968147,-56.88774644775937,1.389795276490984,0.022076571,-6.697188836258245,-7.067646125514585,6.637,316.44455564679816,3.3075690953065537,5.494286272601808,DCEP,0.5476541610533165,7.73495185975876
5868451040512196224,202.88915523478988,-61.582372961443006,0.8889738968619683,0.05180376,-5.951140799840573,-1.5020321623071,6.474747,307.6867168809279,0.9184501096027684,5.623383153680925,DCEP,0.5140060938938185,7.818391887471345
4063826557167149440,268.57334403093074,-26.758213888055938,0.603805143891647,0.02484319,1.0093262293592455,-0.1193739898993273,10.956502,2.853247761290181,-0.5269186320248427,5.7482634806430095,DCEP,4.0922780862383,4.040106242953266
4221891970813502464,300.67696944976325,-3.609625247079338,0.1102064368473809,0.020318115,1.4080948260692985,-17.950495629257873,14.189469,37.93722648853018,-17.487125708349758,1.2101520320390349,DCEP,8.4914168578212,5.2726774576647495
4320062347542878208,290.8892545810083,15.367825618498316,0.2934044209815173,0.027282478,-3.0247560089368646,-6.157007576805968,12.703638,50.226101174409294,0.0554148851656683,5.543648169859072,DCEP,8.989299249817206,7.304468334335953
2034428980559814400,299.89044309631595,33.74603420148679,0.2473100469055676,0.013688437,-3.452387824603351,-6.576605109134273,11.146058,70.2222792869861,2.095077910406221,5.782470500635854,DCEP,4.478487052050777,7.835643357426379
5935070926723295232,243.84708834905877,-50.64451187946397,0.3003618071405264,0.03194463,-3.280263272252676,-3.928916568091717,11.934024,332.45189911812105,0.153811631938274,15.288506527762523,DCEP,10.336605944974433,4.892969729854395
6729921149614983168,279.25570761738135,-38.07629172484225,0.0928611587056043,0.024816748,-11.30972893743976,-8.5014787874688,13.534328,356.9018386514659,-13.71977202909764,1.082515173568298,DCEP,5.948073572576715,2.3727290196850697
422226488141991296,3.6176560337240544,56.25293038822658,0.4463235837035317,0.016551437,-2.089248349835117,-1.6237353818995728,8.797508,117.78258277100038,-6.248773838355004,5.809553951877663,DCEP,1.5219826583979845,8.928116991569429
5541507237862358912,123.09332136278506,-36.94374167099046,0.591012665507528,0.01586018,-4.468718213266657,3.937600206614384,7.9712124,254.3241953266685,-1.6076303005661152,6.665596885768075,DCEP,1.1123079689180233,8.490180808069152
4154536747505387648,275.61278411365106,-10.124771754681191,0.5329079532666418,0.015006547,1.6713512553639782,0.2273254737291415,9.3241625,20.62348436425708,1.739648826212696,3.3849211496661957,DCEP,1.4910212358256196,6.747623337891119
5981406000300438016,241.23009532876077,-51.953527284315,0.3175218845433614,0.020346707,-1.8907851520236572,-2.805965527487228,10.565082,330.3619340492579,0.3026128456435302,10.787024878598144,DCEP,4.64323681743842,4.687236199463026
5334563996911649408,179.47384155366976,-62.64612537216343,0.2288115420595848,0.013809124,-6.595669665255895,1.5420615381291038,11.496383,296.8255073371826,-0.4108888250027589,7.003929754605526,DCEP,5.777392341149023,7.549390229595085
2168683473441151872,316.070112137652,49.74440189881595,0.4800885889850391,0.013841362,-0.3407610663072484,-1.3929971044151397,11.391362,90.18394466806286,1.890817305762297,2.418306404914904,DCEP,3.2794254015059168,8.768166092095434
5835124087174043136,244.71595190470396,-57.8998028272921,1.077422760007758,0.021939993,-1.6083389330496536,-2.136087030816056,6.175861,327.7535459074418,-5.403480831805111,9.75441638926471,DCEP,0.5857236991663597,7.635161087552949
4268823074161900032,285.46904213451535,3.2771282112124567,0.4422208041053352,0.037248883,-1.6619508976532964,-2.1702406573466044,12.281608,37.03843615006157,-0.8244055248721208,5.468502958567693,DCEP,7.352466435086834,4.968778243234319
6083702324458260864,201.6134280656152,-47.47989113448058,0.0018722656603652,0.032532,-4.424566284625295,-6.416656972349193,11.861377,309.0440688089021,14.975874366390252,14.7000931965768,DCEP,9.807243892200443,7.667015635666877
5967847540145113600,252.43694427170243,-42.94587595377358,0.0899420068061814,0.03497965,-2.258689202205505,-3.417064520596123,12.71159,342.08015069886125,1.101370107391446,7.899253222152653,DCEP,10.72058051774844,3.89729663008378
5877104712393104000,230.08876432179065,-58.12225500334706,0.5139782235823493,0.030640157,-3.0122869762966777,-2.620497748077157,11.1874695,321.5667758730377,-0.7436571132258427,10.520474136434816,DCEP,6.109504356984823,5.054999749733009
5254070090673438592,160.595907550071,-61.16590080733588,0.4039279757738218,0.011091277,-6.28858752157541,3.2734612189906764,10.077036,288.0031919503375,-2.0919065411651454,2.875924380536462,DCEP,1.9480054848471384,7.744872218612406
5873984023533350400,223.14683905731133,-63.809863178292375,1.9624471914723849,0.24845934,-7.193661409164891,-9.419442656121737,5.6583986,315.8252733746767,-4.013217596489472,5.2735458009243725,DCEP,0.34206814288614285,7.880852243334163
2030427789038000256,299.4541915907618,30.26589476174652,0.2566363273628326,0.016917653,-2.4932945170314627,-4.657774018512189,10.530029,67.0620215242031,0.5894348619604282,11.662020910040736,DCEP,4.745776912594629,7.6448480967507
5864955727424819200,203.49589762775503,-64.05556091565754,0.2386065952421633,0.015768955,-6.005032924839702,-1.2467371413526322,9.853758,307.5654442133701,-1.5672338913618646,15.037396908377152,DCEP,3.9338860309728463,6.518156151771788
4251917636212432384,280.93130508577883,-7.731093599218625,0.8984895346991747,0.022722483,1.9068056185910096,1.2634705588705128,7.8935113,25.173572076799367,-1.8147356334332887,3.6712032517308457,DCEP,0.8026506420635754,7.403815043357132
4094098826707138048,272.59875919708605,-20.824394517493054,0.3495514444360664,0.038979456,-1.0658642676582042,-3.4545415366006917,11.631017,9.83108038393483,-0.7981072870524293,24.40855896793407,DCEP,11.290987432611761,3.5677147798299322
4065128241505633920,274.53271684941245,-25.12853385894573,0.0526907244021479,0.06036036,-0.6885800813125574,-3.6698474815743367,15.23249,6.890521888443255,-4.4129962983613815,1.6359344451491102,DCEP,15.898294673700153,7.848548088559249
4253435825622331392,280.7386394804979,-5.820912815919463,0.3188047126719225,0.017964354,-0.3792036220703941,-2.204570427426952,9.223479,26.78608534244395,-0.772340164742105,12.895755260838028,DCEP,2.7306610831538314,5.816225391673324
4293157229319068544,287.9965392473384,4.354829086904476,1.068258254542286,0.01836588,-3.476973290166421,-6.02807685696482,7.250043,39.15493346173361,-2.5696581448638294,7.476223095703373,DCEP,0.8438530108456105,7.487244404463617
5877982466278766208,223.5974045816651,-60.45782372569186,0.1773033338539711,0.02672668,-5.230880954532033,-3.5288174148848195,12.267874,317.531308553296,-1.1190386982565288,15.96970506961338,DCEP,12.313131568798644,8.367223203927212
1827869808377481216,296.64660010343846,22.88975328135232,0.4136931276069938,0.017299993,-3.5180780574495114,-6.37058059228094,10.128908,59.44182094205988,-1.0334955343465184,5.197519215240402,DCEP,2.6616008974281606,7.1463987460951035
2056068193989793792,307.2423181327481,34.135083478343844,0.55836674276519,0.013385226,-0.7187992116398839,-3.9045910806346407,10.115674,73.9266919960411,-2.765156649131355,4.612072229090385,DCEP,2.495851584988352,7.808317248423942
5235910694044165760,176.13693452898704,-67.3052504233763,0.666400989369461,0.014535544,-6.789557352155936,-0.9169016709039666,8.802712,296.5309203464763,-5.268526323326076,3.0861573513315688,DCEP,1.1211108987277834,7.688491064440206
4312800966604310912,288.57502168992784,11.291660662416788,0.2905038829185137,0.025078632,-0.4638138795917852,-3.0276700829830414,12.201089,45.570220817613,0.1355182019461445,6.273238144504717,DCEP,7.574748082806175,6.099869747565971
4314785619467898624,292.1341500813572,10.80349971184416,0.0818703345279266,0.017088654,-2.6066661271391105,-6.832381651478553,13.595197,46.78161763726817,-3.1772278449552367,3.3188732876842595,DCEP,10.556566715948923,7.734294873940427
5884600426769582336,238.11712382463023,-55.0813190925682,0.1711821360523624,0.031436194,-3.272770442829069,-3.933114789247844,13.019445,326.924653508133,-0.8758111778632702,5.629251146299056,DCEP,10.47438353924536,5.752934629213848
1808020329279916288,300.2909032427818,15.803501032737458,0.1472512659530543,0.017155712,-1.6427868475578151,-5.121904902588244,9.986552,55.08789424194994,-7.605344379233024,6.107761129882801,DCEP,2.6965370425222157,6.947108802965058
1870258975238302208,310.8507623327108,35.58777650648951,0.8842386287181716,0.01992764,-6.672522267993306,-5.107896358769791,6.199011,76.87042519109808,-4.262623994330248,16.376554034515223,DCEP,0.7619336205302683,7.98376761156658
5312196047720402048,143.34883899136824,-52.75584510624467,0.3307068022857878,0.012606547,-5.03001129091284,3.9083429745570415,11.11786,275.5241076021287,-0.7594559929871139,6.453538246555032,DCEP,4.663542763421327,8.967711657488707
5338359442320395904,164.45072523344564,-59.7321792034435,0.5530473206963148,0.022607977,-5.9627194180132,2.39686054998558,6.1576805,289.05702467766133,0.0428081998333905,38.790997649235656,DCEP,1.1377625155039175,7.824762558630509
4285878256152184832,282.64530549146303,7.125981315923684,0.3180863674887411,0.026304414,-1.818659968539399,-3.810775606749214,10.998648,39.18430930672592,3.4321535925846707,18.992527178144567,DCEP,7.467763330182081,5.260843217505698
5921034595645537536,267.32813679869724,-53.336998508891725,0.0117903700778782,0.019415287,-3.1370618669511026,-10.659377158790836,12.654615,339.1053081282335,-12.913341443539675,15.865412216145495,DCEP,14.666646702027931,7.306578982790904
5932812431123862016,241.29146798298007,-53.9194286857993,0.4440554717024816,0.017312815,-2.0511430630690257,-3.486968698436117,9.610986,329.08099255225017,-1.1892033297586164,6.198083970439282,DCEP,2.2845373945319074,6.273286040396637
1873112207907294848,316.0693021818237,39.97223311595566,0.4572185443133457,0.012433939,-2.7580993996625875,-4.219948802255379,9.205185,82.89494859712724,-4.624813648503521,7.856814677186914,DCEP,2.127148745282544,8.136477722323745
5965206341417253248,258.272039590824,-43.38333524854093,0.3350400165698193,0.039304096,0.1781874322834827,-3.401078954483417,11.6718235,344.34772312716814,-2.526089764311964,9.56140335408347,DCEP,7.288832319423847,2.25663406394945
5993655659352495616,243.61905775591475,-40.79314680544483,0.0485416231358991,0.024294352,-2.3759473989505118,-5.396240296687511,12.190024,339.1769242739032,7.372114721304069,9.767793347683345,DCEP,9.350078762864802,3.3410914827689817
4097633069395744768,274.38530215304445,-16.24364797094993,0.2107124723753456,0.047657743,0.2477492299678506,-1.716435449213105,11.625721,14.663854314023,-0.093536588140206,20.148348458682467,DCEP,10.258904412695815,3.161381919341568
4308963877171060480,289.04239288640514,9.18065740066826,0.2844614677774867,0.027055655,-1.4448118900015978,-3.6003311830421363,13.441793,43.91522788508147,-1.253452456767273,5.251749232426127,DCEP,12.300292830748578,8.561107033842129
6746185159959174784,291.5737855762717,-31.52175050179953,0.0792450457268993,0.024370395,-9.41540509272977,-17.01649794154014,11.180823,7.182361978247527,-20.69184341188478,98.44384193135616,DCEP,18.099524001940864,8.931648286161932
2170785842762144512,322.1871797263957,48.97821088800087,0.2733857149679403,0.013269235,-3.671541118009308,-4.099952998293336,10.186083,92.40920206387813,-1.500182499576699,7.966407011422898,DCEP,3.3643989107449843,8.920473462833222
5309174967720762496,144.21440532678687,-53.03277856562425,0.3530570064290224,0.0121168075,-5.13671755393114,4.06904261411722,9.832482,276.0968439664217,-0.6132264788343146,7.133632367052311,DCEP,2.7091487736250923,8.284431276796392
4909045712639882496,19.20811658847509,-59.23467908894455,0.0726834625036569,0.014852431,9.374551613170132,-3.324559170952241,14.23483,296.8733757444554,-57.59385451052988,1.1165700601723572,DCEP,8.337356786018193,7.288573843215391
4505300988492333312,281.4754119252848,12.336096761984946,0.2496051168168015,0.014559891,-3.9939869565299295,-10.124173534777968,9.81651,43.33976528618612,6.800905823175797,7.507757284818152,DCEP,2.757087184217544,6.412348555277936
4513100717859042176,286.49619155047435,16.097998130645756,0.0993270047925675,0.014157614,-2.923430281680088,-7.299437353441411,13.410246,48.91087058801436,4.140202383562184,3.269723519964172,DCEP,9.624466222904623,7.4586169591297224
470361114339849472,61.24359254183781,58.65978110562818,0.6312871051788481,0.042985417,-0.2048897541071693,-0.4280593928548919,7.179552,145.89655141462043,4.705023376941615,7.912250468798467,DCEP,0.8397663052389444,8.827487201093119
4509183329678857728,279.2929365586956,15.149860602935686,0.0918341907342037,0.022991287,-0.1628545940989726,-2.0157650682981587,14.938762,44.95705636669043,9.939540094372418,1.368835174298868,DCEP,12.732124224311312,8.893084542271998
4313263895380890752,288.2728140085705,12.633939485825518,0.2506703422372988,0.031396333,-1.464872836986412,-3.861277438744355,12.624814,46.62216943076465,1.0201945273770998,5.6264182911139935,DCEP,8.731639587541899,6.6921825179719665
3957605350136675712,192.88511007237685,24.12264879291761,0.0176264981774845,0.043063626,0.8266067324597481,-4.014601782799169,15.645832,303.3780350969238,86.99430998936352,1.0957174482737777,DCEP,15.821264646423774,7.69683150663324
5973058817250905600,257.8082715868952,-39.15618178394306,0.1327535847048075,0.03743378,-2.21356746525838,-3.109063459687913,13.599639,347.55899072934835,0.2459139335611269,5.916908727713415,DCEP,14.018736913294635,6.3338130799107315
5333640230992516480,173.32409713902163,-63.24239956269939,0.2695229406005539,0.012776588,-6.130002319938938,1.6481390638799445,11.755382,294.26945335260444,-1.6924499103634385,4.974475189659312,DCEP,5.510108998653102,7.71544920025038
5878085442395985408,222.16298431686985,-60.51068351727709,0.4212865857854328,0.03594645,-4.7115105233783945,-2.7313624158683165,11.603407,316.87494412028394,-0.8516583852964625,21.230908064851743,DCEP,10.41617270764105,7.138634042664019
5862529345743227776,198.5006296438438,-62.49845370747415,0.223261289644831,0.017321672,-7.0592408719890765,-0.7667152964253101,11.804539,305.5335620857875,0.2592579874292167,6.379236974370734,DCEP,6.362127450546796,6.810323265463932
2030637898807177344,300.59737384289417,30.5731474562965,0.1821112193339183,0.018817134,-2.8632583583751594,-5.621965442730792,11.685921,67.84206015859235,-0.0871575585773809,5.698194957772258,DCEP,5.701622985208503,7.971434652669017
4069645924308096512,271.20327515337704,-22.73241493342173,0.352371594084494,0.025224898,-0.1135183576400404,-3.403946724707061,10.239907,7.533562968718718,-0.5936319770285915,15.402426970999748,DCEP,4.754718650523971,3.4651041699935146
5307761545524640256,147.1728244345721,-55.51952721214995,0.3362778434522303,0.021475228,-6.163057712121026,3.302004256249993,9.854069,279.0285461661349,-1.369458692653695,5.323956821727492,DCEP,2.3727886859544407,8.096110891845004
5329838158460391296,131.22275782118206,-46.342960465465616,0.4901800172379095,0.018705394,-4.344926576906848,4.921063648656855,8.120997,265.4936278774989,-2.179080331355383,9.550744745520666,DCEP,1.419896656376631,8.354098751395256
2165771172070496512,317.72653587334,49.14204142754623,0.3550861336436594,0.0135481525,-2.7405284439049047,-3.212295695182627,10.057569,90.4668117806549,0.68968669734742,7.251320121024452,DCEP,3.029084116922267,8.691476289761804
5951833943563667200,262.03856332605324,-46.63734412923634,0.0544119196331014,0.019860277,-5.090541438794788,-4.354123201119282,13.12606,343.17330410380214,-6.56346956917374,11.154219763199148,DCEP,15.349590240607178,7.835781817042619
2055809495218465152,303.9930131637633,35.01469729735733,0.400681076956708,0.017682247,-2.907470744189837,-5.999490927991054,9.849618,73.12079592607691,-0.066688083705956,6.7173915197932965,DCEP,2.6518161442183383,7.777638139494145
6629734646509655936,273.47416766915205,-64.60686817592907,0.0674271236341323,0.019692168,-2.1300112842331806,-7.130221251458481,14.236106,329.7782075295429,-20.468521826299337,1.7301585794184988,DCEP,10.325677624579399,4.8750352328406406
5933359884804777216,242.8015183532057,-52.4977583310944,0.2372259686640483,0.021284252,-3.982164900996492,-4.92701942144102,12.083078,330.7072467154643,-0.7478322041562929,15.37806614183132,DCEP,11.102587789999475,5.651327577357167
4060754379934213760,266.78593553845604,-27.29285298054195,0.458031839808868,0.031996522,-0.345882115769935,-1.722416813525006,12.598833,1.5786419451360791,0.5668785930563321,9.17124202555403,DCEP,10.945802516153995,2.8351925318269484
5926569816398338304,257.209130183274,-49.34784834804484,0.1489044434288159,0.048018236,-8.263934563433994,-14.219751062089186,16.140726,339.08402181484377,-5.449254346043481,0.5910341676058103,DCEP,14.71131161869701,7.630404867668081
5332375453374624640,178.0737807060855,-65.40418201580248,0.291540355982154,0.012110106,-5.98869725223952,0.501363844068309,9.441485,296.8246972113417,-3.2361103786676253,11.638899480340395,DCEP,2.871962336987898,7.2917748841005
4153177128348076032,276.4623245998088,-12.332861217230953,0.3398057375039746,0.025657548,0.0781036152627605,-2.141640299599897,11.466918,19.06153124433327,-0.029801477027104,5.763083125480518,DCEP,5.183140179363589,3.64052792948048
2164475809937299584,317.78601080420503,47.16828205278215,0.3785845829449595,0.011853016,-2.3698354385983,-4.463582047005643,10.193277,89.05310653700725,-0.6882949383693441,1.7659853044450442,DCEP,1.6206453595484929,8.255784471517176
5865214662485305216,201.83997843858887,-63.0196426602085,0.1608156118137138,0.018829633,-6.843287030862085,-1.3154616695149728,12.01321,306.99309040353006,-0.4314909288052185,15.213654120398502,DCEP,10.694907249658502,8.706834713450235
4096140001386430080,275.8297937830495,-18.57477358788638,0.5028555821444272,0.018711733,0.5594882618394605,0.1966014656147177,9.862422,13.256355575578104,-2.407349894306769,6.568678185874367,DCEP,2.638571565593843,5.588792668049715
2060460704279873536,304.1978817600792,36.5499421215892,0.2708984444391894,0.015687522,-3.041387319149816,-4.323549364621477,11.609158,74.48721906682024,0.6527252420805754,4.945020359758307,DCEP,5.136404569266489,8.368535696071564
5537743094157581568,119.4402679030308,-40.12333658753192,0.9110317878697062,0.019895164,-5.911109703158941,4.405043606034144,7.1557727,255.4953349074749,-5.718961152436391,5.083751954550861,DCEP,0.6696294831598957,8.31394197671973
1374376207437762688,235.28149381005943,35.55454984032503,0.0329191447222272,0.020172771,-1.0739923682202326,-3.0878578188871293,14.751474,56.87171803988659,53.0960562977904,1.2710281414869609,DCEP,11.265812844897637,7.1884932646475255
5409250351407633536,144.92368099530566,-49.52500743492963,0.4065631202003725,0.015162263,-4.787866179506047,3.547829090268821,9.11793,274.09686485054834,2.302724663104562,7.75418818263341,DCEP,2.030326005438214,8.229709950297961
4115545449531062144,256.4123498524632,-21.870996099263195,0.1049442205100878,0.024807295,-0.26985034757042,-1.5565873951457627,14.326327,0.8924529455068645,11.41910934229832,1.2767469466515065,DCEP,9.282879124296203,0.9862585299967729
6854707988411248896,309.5926712099036,-23.411695356691432,0.0070445376666691,0.045073867,0.1908357047632696,-2.5584703383199736,15.74877,21.52285437961085,-33.26883888360327,1.2821353096496153,DCEP,17.908619430201234,7.993944444615217
4156450099578283776,279.51377343258173,-8.36894716336299,0.518476588932823,0.02034218,-0.7368808183902867,-2.8776283172605512,8.931744,23.964055325444395,-0.8583238615052305,10.341812681083043,DCEP,2.144065066199618,6.224180292653835
4256740751371777408,280.6270383914691,-4.330663267676961,0.3591957527194718,0.029620051,-1.041620762724635,-2.2550455391075728,11.178543,28.06068984878053,0.0078399971875609,9.993386422316188,DCEP,5.934015332547109,4.014746749611511
6653628644789921408,274.57309099811897,-53.372212677107605,0.1187208922284125,0.023505189,-6.8545870732552014,-11.263405558919455,12.588427,341.0133936241973,-16.822905429488667,1.1664016554281842,DCEP,3.9900938610842216,4.678495092200388
4087335043492541696,286.5130647860782,-18.428247943017084,0.0504593574601717,0.018581768,-2.30575746229744,-2.209987102609866,12.584398,17.927346013116665,-11.41706977311217,13.77465337274432,DCEP,13.255540895118184,5.828944294861388
4627678075752483584,65.96438801508376,-76.91187490232245,0.1284203741204052,0.017113307,3.0786975713072744,2.1488749813080936,12.896897,290.2513865560343,-34.411452370326245,1.8835797539484915,DCEP,5.808280933224293,7.873089825518013
4103989346187406464,276.80604405260334,-15.11798896285524,0.4255871432580989,0.016602227,-0.06762598380681,-2.828097731799158,10.077844,16.75230701178475,-1.6227040938144848,5.544769752972595,DCEP,2.6829330042058186,5.607497259772553
5814577169727787392,254.586824904931,-67.66311962413221,0.0655580616501084,0.014866114,-4.053654413206348,-5.5486843370766525,13.9613905,323.2227097233748,-15.162353000594583,1.8557856325354407,DCEP,9.414600235605318,5.505395200985629
2027951173435143680,297.8787641285739,27.46020619100544,0.3729324394335874,0.021149056,-2.157591750180237,-5.961524323393032,6.809188,63.946921352607774,0.3219514936622583,44.91375901417722,DCEP,1.6495005517139356,7.544507992357721
5824464493705913472,229.9404108121685,-66.4960763368322,1.5431832870229811,0.016094733,-5.321106976246729,-8.22824919518579,6.469655,316.9767990037917,-7.757933315014087,3.3892682782242503,DCEP,0.4007317937265496,7.836399800111481
5877884919005345024,222.36916264488443,-60.91099456524581,0.278213120360597,0.022188528,-4.595729108743921,-2.624489968324691,11.840678,316.7906907643298,-1.255794811335282,8.036446375536958,DCEP,7.238990313080049,5.714789908018831
5241780677399802624,165.3778306016249,-62.29078788531895,0.2476523566642954,0.012238898,-4.792711453441671,1.5073702972473648,10.349283,290.5329763944439,-2.0950665692424475,10.353459696710464,DCEP,4.120821858749041,7.711197789328428
4485762769928798208,265.3828887332421,5.788601136382779,0.0931068410102543,0.016131703,-1.0793603024870158,-4.077409722694038,13.802957,30.12796937950487,18.17405093061884,1.7442474537528074,DCEP,8.49188702805144,4.208128231618288
5242185808733501696,162.09637082135575,-60.65394322845226,0.1999077470027839,0.011090387,-6.128435575410172,2.723140798881179,12.20186,288.4107899224473,-1.2993009185616458,5.664514523409999,DCEP,7.20995175704576,8.99687809643954
4145697876614018048,272.8774918430413,-15.925976614019543,0.311757294558506,0.021004453,-0.4514091339538422,-1.4527848508809054,10.731964,14.250808864707022,1.3309966160505868,9.010219392781153,DCEP,4.593324340631059,3.8413205149644525
2027003119517288832,297.026983052704,26.090817807105605,0.1695107562842791,0.018102339,-2.872606979002179,-5.54622756155105,12.397638,62.38108040809015,0.281075080878198,6.646564960771469,DCEP,8.529142422232322,8.63036386409868
4307944836090489600,290.2597830691523,8.516327507681982,0.4871408889696159,0.018925868,2.006940652517593,-1.6677233041225008,9.388953,43.88953442908961,-2.6273622477438856,7.239183949361565,DCEP,2.2245072666706163,6.70005057895865
4080122796947250176,281.322899483177,-20.64739456406258,0.7739499433712301,0.061608456,-0.8478681239384613,-4.228984138672346,7.2488747,13.758471843266816,-7.958442928442118,5.153860194792976,DCEP,0.703642426917766,7.446974225964144
4514869866387896192,289.97146033368546,17.2404655609959,0.6045865453718644,0.020684436,-1.0722178155348798,-3.405606505882047,10.836139,51.464118241359685,1.713859043512061,4.842823844141056,DCEP,3.561543533855796,6.527872765836759
5257911092756471936,147.11167690497473,-58.01813537048592,0.2949315814996273,0.012033056,-6.172758889250295,4.261613098762527,11.30507,280.59750795180446,-3.3154476643503727,4.150497103669308,DCEP,4.100090851242864,8.396025602077765
2020938380858128896,296.22163503450497,25.189158389489293,0.1193016344271919,0.018848766,-2.6856960609204923,-5.600332967356607,11.92666,61.23662445424352,0.4553970687584433,7.378368250261405,DCEP,7.224426842374413,7.854166920662518
4303770918113986304,299.3875936164865,11.043659101906732,0.2131028810921367,0.014516919,0.1030635887630443,-4.3899239588533145,9.761584,50.49442613758366,-9.273851252691673,6.178911883435623,DCEP,2.4449083365326616,6.8450393056856065
1873250780732545920,314.336780027318,40.17748649759225,0.2877946255644045,0.01286414,-1.9331554189848683,-3.67790856891764,9.421895,82.17671027775457,-3.4906316332423257,20.133704583558117,DCEP,3.716909568699305,8.457414208417177
1960750328384177408,327.9226489646837,43.13402308886666,0.5199990112328283,0.016358558,-4.015077580164584,-3.685383907972824,8.745005,91.52010176192162,-8.510720952534122,4.864278854591586,DCEP,1.3625312527759226,8.268215297117829
3346584610911570176,86.26316893008439,13.576351841194931,0.8812160582578145,0.033971164,0.1881375016753563,-2.317968455874456,8.051365,193.12455651114493,-8.051508624855693,4.034304283566763,DCEP,0.9037463659333288,8.99575848491977
1825428480248517376,293.5656233579808,19.57066027968068,0.2135512211736923,0.018342063,-2.990361538591861,-6.179300286416621,12.275754,55.13778548444521,-0.1743407315400525,5.938700060145748,DCEP,7.633249452701762,7.304608606710449
6053622679932061056,188.3277467960714,-63.5063698067674,0.7198831466148092,0.015899653,-3.9027901892842425,-1.1338098545731383,9.076243,300.9118568893069,-0.7057401982495306,5.265127051897623,DCEP,1.6494667634884201,7.4110529608717055
5974803673528269440,263.221274125115,-35.91142645925786,0.552175697413641,0.03172574,1.5787925005659995,-0.8297765634318482,11.440175,352.66631749138577,-1.4437698080484187,8.451407687340744,DCEP,6.169166982272948,2.1542344584304125
2070224337474904064,311.4991257844127,45.306934394531055,0.4717673340207903,0.013722008,-4.871600790916538,-5.356058321244385,9.4566965,84.80249903297094,1.383312822127275,10.142097423348138,DCEP,2.7046045417475213,8.324587662309382
6057402526059795072,181.66763293372628,-62.59684489743529,0.1938814226661323,0.0110647315,-6.796028680332687,0.2140800741753219,12.062953,297.80672648303,-0.171416166813795,4.988153781753572,DCEP,6.357043990980913,7.629361399003712
4319018739208020096,290.028968023778,12.795265066547689,0.5669276454796975,0.01910485,-1.144229662763055,-3.679644764729777,9.390986,47.563719679358535,-0.4200296257977561,8.627535694530428,DCEP,2.4252219480655035,6.728017496218111
5338021170706962176,164.10919311442353,-60.73267612999752,0.1702096698912519,0.011207439,-5.771233835025557,2.2335289576360164,10.621371,289.329589659376,-0.9346647980742264,13.599710167704558,DCEP,5.3344356699101265,8.107846687032808
2058874388200159872,302.8066266646477,35.41354167513492,0.1970336260838849,0.015235763,-2.279368786880916,-4.147206014073978,11.564838,72.91755312102921,0.9615424782160436,7.578310750141988,DCEP,6.19575942763822,8.64776117546052
5338215200143652992,163.78783366011064,-60.547722596948,0.240028470164269,0.01239087,-5.7005603269355465,1.8356691759672,11.512079,289.1077490739655,-0.8355122572846939,5.336376207265019,DCEP,5.097460929509322,8.052520854812656
5254097093074642944,159.834649088274,-61.1524314062913,0.3854811329203991,0.012195961,-6.0899754916244815,2.627280999796401,8.853682,287.6744255002172,-2.256510839817239,9.198734625781489,DCEP,1.9536669470614791,7.755652659710474
4253603501158148736,280.61174900910095,-5.340851905251926,0.4051139582357907,0.0164845,-1.0643847729693785,-1.4136922608589768,10.5457325,27.155336844247337,-0.4405627131654041,3.917255480156369,DCEP,2.8099099554973144,5.766305720322082
5324034867356093056,137.06554453409234,-51.43625401775564,1.0362069211939346,0.016881593,-10.407986286776447,5.728712331205902,7.220882,271.86311379338275,-2.558834686673912,6.923682646133043,DCEP,0.8020366367637936,8.135460331680688
5942956078718518016,249.40372581654336,-45.90820474026167,0.1559665978397854,0.023604825,-3.05175453404064,-3.894508715572422,12.075803,338.42316214442303,0.7961881744548533,7.522337682723954,DCEP,7.811230977136121,2.9979443713625016
5255254711361371520,157.0701303269516,-59.35017823430205,0.346359673370899,0.017869921,-6.696178154651809,2.294507806122432,8.387514,285.5814240344316,-1.3894420513448302,18.171815893432377,DCEP,2.1959384431040787,7.82352601835411
2007201567928631296,340.21724149798314,56.82945573798517,0.4865942070663286,0.020830631,-3.9718506995387615,-2.6948572388958363,8.185639,105.76013033122608,-1.6246981086279442,10.886217574943862,DCEP,1.5590799229396175,8.67592198432156
5253795384552296448,158.01836868113614,-61.78261610280676,0.4415188061328064,0.013483183,-5.501468929402751,2.6091463641038595,8.865255,287.2347271021329,-3.234657698024211,5.543921254935856,DCEP,1.5348278021567356,7.806401087087332
5855468247702904704,190.52088709397324,-69.40756401684872,1.0656070174790695,0.01752815,-4.3442748220781295,-2.0475610445914443,6.2306046,302.1041901269498,-6.55084936457087,7.509878077876793,DCEP,0.5288459234116317,7.855391767167396
5932879565692277120,241.0487545893712,-53.59877135548166,0.2094062986493068,0.019510021,-3.493289303934482,-3.59011529039152,12.582398,329.1869561627631,-0.854263364970978,6.660626698931989,DCEP,9.296177154182548,4.763356062269254
5866191402324493952,212.07132678390343,-61.73643537960338,0.2530747552167399,0.021347415,-5.289680461957708,-2.1361066249938734,10.664223,311.8963424085477,-0.209513835616236,17.750870865017845,DCEP,6.19447558338972,6.094569131765793
4321755561092593920,292.2184567485708,16.688159835561905,0.2816035055239082,0.022221243,-3.494342673284488,-6.047727294267567,12.114463,51.99504507738604,-0.4407374271376488,6.048890237594987,DCEP,7.150558019256562,6.75108901115093
4175017625462647168,268.1612443348865,-6.143597122396139,1.3126031176792647,0.03618998,-3.0430181344266978,-4.723051192082934,5.6400485,20.59839098081046,10.12047071836169,17.117679601051407,DCEP,0.6018478325137755,7.570264721741785
1977074811892425600,332.26206158309327,51.045844895971065,0.4085105013563146,0.012896581,-3.228766404981988,-2.660037488236533,9.062985,98.71874859737336,-4.028869832756519,4.323754411938643,DCEP,1.489452817468394,8.475427478582729
2045359534871088384,294.548250840713,32.48954920893652,0.1269208893757185,0.011428655,-3.497188066513496,-4.463814449625958,10.468895,66.87622946159286,5.327144098377469,5.571901000797259,DCEP,3.2199749402748212,7.469485553383267
1834213582473654144,299.7229332759326,24.395079467593543,0.3964417992677365,0.018427629,-1.442918959142873,-4.016612778125113,10.7390785,62.179933789419856,-2.682114307624898,5.630986396481902,DCEP,3.6653914649736588,7.184400205252581
1994462866719961216,354.4081020869204,54.84718323302718,0.4690131954219403,0.013349052,-3.940696158063008,-2.25398663559208,9.050314,112.36360653408914,-6.503018522813257,6.336913741791959,DCEP,1.7838131515859856,8.947742647533493
5864135319959353600,204.15365781402895,-64.55831585329346,0.2272292559382683,0.018277874,-6.923205746531218,-1.3826368645656348,9.240802,307.7614413243718,-2.111019254106215,34.02846822286729,DCEP,4.415388502987046,6.445476057308316
2166303099490547072,311.5522959335575,45.47860587560114,0.4980269677124607,0.013000897,0.4825675239599315,-2.2578625991585,10.528507,84.95995969242671,1.461329913830458,5.098941823337803,DCEP,3.1696585962831496,8.454894677125546
4094007532908816896,273.0190261427981,-20.704024217137206,0.3577926656919775,0.024712019,0.3069516652078948,-1.5480834221082906,10.495356,10.125832139394776,-1.0845665083566076,13.56460179802619,DCEP,5.027345458902828,3.294576529881695
4111834567779557376,256.5229102004341,-26.580565130784706,1.153767464787478,0.024090275,0.3895503169963796,-0.2892653937514547,7.069333,357.080345063118,8.573196488129396,4.067673052069607,DCEP,0.5772746604426368,7.5519726085667624
2055122987639665664,301.33608817135536,32.65908829753464,0.2786490589074578,0.024915293,-3.072758748096639,-5.559563910194268,12.330799,69.94208036599804,0.493184197284594,4.9523525374665285,DCEP,7.1663962632096645,8.797519280197902
5240441472232302848,165.56688072031935,-64.26289283299536,0.3778753552570313,0.013624672,-5.277723605283511,3.333539331996972,8.941291,291.4202341464472,-3.858975701631065,12.437002735527203,DCEP,2.3559634525350597,7.586005528695216
2018385387883485056,294.9654387985236,22.269289578038453,0.1814630156156678,0.022820247,-2.4602852432400195,-5.680274879356977,9.649468,58.13110412512935,0.0041673080280047,70.79718944257448,DCEP,7.614920979025371,7.657989680848859
2027263738133623168,299.3691828572848,26.556449163396447,0.8362097868454417,0.021521466,-1.3519843774160722,-4.247195422086785,8.322478,63.85806978323268,-1.2818091590294574,6.31970318636207,DCEP,1.274109963129079,7.646754006887999
4146129636764799872,274.33556068005464,-15.544998295885092,0.2737883952095131,0.055350736,-0.0826933112792115,-2.136550753114526,13.079124,15.256116388406792,0.2801314280528185,10.236117188586867,DCEP,14.405922425388077,6.908842306381428
4104869264724284544,277.8431918063009,-12.928716026318858,0.2757846304182107,0.024776665,-0.772521841805586,-2.627912344103996,10.364139,19.15948254826444,-1.4998516663789188,14.746698061880435,DCEP,4.929114533980014,3.8260796568998305
5309930194773990400,140.5672870032836,-55.9602580032096,0.944961127822356,0.017378042,-10.044217519979046,14.067564639102397,7.437169,276.5697175695203,-4.194496032723786,4.37108227297894,DCEP,0.7082168531242838,8.071745102057319
6053428684887800320,185.8824010872296,-64.47088908284749,0.2817375350030062,0.013009068,-6.517687748883542,0.279948802066943,11.385407,299.92964426165975,-1.7619470873751468,6.121043201109318,DCEP,5.140872874226692,7.122137270800762
5854322827138360704,217.51511096435928,-61.71961106890965,0.2861451222071613,0.02301154,-5.386287873130912,-2.657587184911286,12.0932865,314.3332301158405,-1.050592469911032,10.601853079588889,DCEP,9.306775606222503,6.8500332191548
2078709577944648192,297.06443323833906,43.12691706660922,0.4207201785813663,0.011484551,-1.4990384659179248,-3.6921982203397454,8.946757,77.2165891528601,8.761646727453778,4.925512698584912,DCEP,1.5043294262259301,7.926761445105299
2694868747315735168,326.26712224683405,2.7725773684412207,0.0362012759578704,0.027918326,-2.5096658638607803,-3.6911486901024815,14.748633,59.066592033013,-36.07284185148124,1.4467596726609528,DCEP,11.983565666739425,8.882899795145645
1750217486861133440,313.5202629551117,8.55153371519373,0.132895461085867,0.017018862,-6.088719627429933,-5.411041550023889,12.302067,56.00102562444994,-22.39583840256256,2.0469337440707003,DCEP,4.599105665261399,6.739742027981919
2030848897634605440,300.19314078827875,30.9075895086751,0.135685780190378,0.025591219,-3.73457144886096,-6.068523460743862,12.108401,67.94209260940191,0.3846003372408047,6.962108262883799,DCEP,7.636048283097758,8.814314370406999
5868480143187802240,199.74279463726813,-62.38234538651234,0.5082061952261243,0.01901497,-5.656114791811366,-2.2819655464881263,8.10354,306.11683108330425,0.3190202112538918,6.4600384856823165,DCEP,1.164300022068256,7.494979328024534
5829232354047904256,241.8291698870692,-62.91057283415501,0.9461396768885102,0.019091569,-1.5771624149880883,-2.720478659897508,7.8494835,323.23184144955,-8.042601196094603,2.5683899371183765,DCEP,0.6609338177337222,7.607848930036128
5884368498528237952,235.58714333318548,-55.31194067495213,0.5968835045929278,0.019319529,-2.2287779587688203,-2.9427327778282213,8.493722,325.6470531342843,-0.1644647898532541,12.6460612916352,DCEP,1.9327723353393265,6.61685617236561
3356940155020790656,98.73938107212598,15.330460663767354,0.9723208092512202,0.0281999,-0.9401800003993428,-2.371247804793812,6.7501097,197.4247080380434,3.375967544292772,7.911418516029027,DCEP,0.6890452499876665,8.7807012149478
5854560115494081024,215.45223418450348,-61.5496623063498,0.5489217090880792,0.021112714,-4.306694092164386,-7.475996331179154,8.3030615,313.4781987080214,-0.5422881042356845,9.466156631475476,DCEP,1.537403736147039,7.151731534737619
5351331755370445056,161.23471883683916,-56.28954228003264,0.4210648601177822,0.017516108,-7.384521614644464,2.711924122052844,8.407365,285.9983508298324,2.365771488358341,14.095682250801948,DCEP,1.9582308795363934,7.812520946017451
6244421207555427456,245.6503988827405,-20.975614012232946,0.0314319178666479,0.04113472,-9.438779758995606,-5.941696789686942,15.221512,355.16934324790066,19.834519957923742,1.4548162478516946,DCEP,14.939514283682577,5.9992162728272795
5859119760248045312,198.5069577998563,-64.32487959677097,0.2003941525416958,0.014179866,-6.064809025869483,-0.4801095363213573,10.9358835,305.376477770734,-1.5604038812223986,10.352926263733265,DCEP,5.398747828655074,6.658720392810737
4256616777100386304,280.8134284039841,-5.0964049164892655,0.2393209926829859,0.024318203,-1.2712399114712811,-3.0607712577472,11.839467,27.464570992223937,-0.5074442467347657,6.424259132257761,DCEP,6.487472628888548,3.814322470180812
4057606787380343808,267.2811333811913,-28.406710344322903,0.2974463535855449,0.048197713,-1.0219077937370171,-1.3187768568813047,12.338561,0.8510415893817743,-0.3833758436081767,15.252795558079368,DCEP,12.439150311082132,4.319452704196198
1857884212378132096,312.867677061018,28.25048193690742,1.6884589957523126,0.058201324,3.400613993883587,-5.290632608857161,5.499797,72.13236271053215,-10.151817320271077,4.435740532673853,DCEP,0.29227911660393013,8.0383924439172
5254662177677566464,155.34567308596877,-61.07407529178226,0.3504676072003073,0.0155368205,-6.186854120193253,4.129348519302233,8.642382,285.7727105320503,-3.3048050035415573,9.76879251493942,DCEP,1.8251917827647144,7.825691750144058
5937099633141128448,251.32961593066216,-51.34263911860983,0.2062271353247607,0.019656131,-2.781307367028214,-6.693191981816806,9.741439,335.1797198082135,-3.746950927020473,20.82078991102665,DCEP,4.377122259418061,4.544006976318749
5254295559276699392,159.07420759086173,-61.01255683047268,0.3870621655925222,0.012845362,-6.174807157051149,2.839258123174908,9.12828,287.2850630941872,-2.314926381251941,5.204712113609161,DCEP,1.6800022171305908,7.789913324555361
4050359738811384960,271.03260288602473,-29.481641095259675,0.067106114163313,0.043762654,-5.805187205496879,-9.181920636737294,15.017201,1.56748881288823,-3.7625459732067896,2.286293082883581,DCEP,16.94695989684327,8.79427817746714
2027971514401523456,297.09917637973905,27.28648093789545,0.2051410995918394,0.0201555,-3.3666602646698056,-6.086128135856182,8.151961,63.445387631873245,0.829833500028541,69.467416955503,DCEP,3.7857618599639746,7.266840178594625
4096107909387492992,275.3457607415589,-18.860034027348057,1.9748058176899157,0.057989188,-3.249236019835448,-7.253083575874958,5.4751625,12.789229356699098,-2.1359262577257807,5.77342723824618,DCEP,0.3285649007776846,7.8021476374586065
5352181712213705856,159.03578076991656,-56.04322576616842,0.2900511643841943,0.012588715,-7.734995149793748,3.4434759880803574,10.245079,284.8058710311029,1.992184224781237,6.983574478082097,DCEP,3.242316726048355,7.938252217290541
1968971582984827136,318.6684694387176,41.71633653100226,0.8637596783621916,0.012504909,-0.9898958249934784,-2.2134478413432297,8.998431,85.51856157555946,-4.890878475553609,5.257661094161862,DCEP,1.5903071890781,8.152695257962051
5351721738384434048,157.2967865587877,-57.61339131549393,0.6417385245549863,0.019067418,-7.08237100802165,2.333525728198476,8.226542,284.7810801912103,0.1565273953719672,3.682344081011234,DCEP,0.9370734034033538,7.934828854823305
2422853521974230400,0.0739093864808332,-10.22146327441278,0.0224146523826194,0.036989704,1.6527780351928905,-3.808104922254368,15.134993,85.0244221952935,-69.23819891673743,1.146828197893698,DCEP,12.785469559855352,8.95113341183371
5878388529664102016,218.7993470752886,-60.99798343039337,0.3034551098490283,0.018212605,-5.029397479454565,-3.0383773463872767,9.965778,315.1770663670622,-0.6173574634889655,17.091114529861613,DCEP,4.4086344301715155,5.882919186858121
5865206961464617088,201.6252293700785,-63.16262565931129,0.2084973712985102,0.018814906,-6.731721767112881,-1.4958597065163075,11.153867,306.8771876341178,-0.5597774742858139,12.88066969459292,DCEP,6.638925872842439,6.732347198556158
5888819699572539264,231.15974101292744,-52.85387016499332,0.8408077446720916,0.021128751,-1.3374744345609877,-2.201871782755612,7.213343,324.9496255855296,3.341587703055409,9.276907986801332,DCEP,0.9216641147082203,7.3876864731427965
5338072980840100608,165.9383008950686,-60.64226349818611,0.2329406363908199,0.013372778,-5.433149435327261,1.710353067241979,9.864795,290.10653709464066,-0.4802894801852152,6.695908673035643,DCEP,2.6662524614592376,7.62804431537534
5877120341746137216,229.63532083644213,-58.02463444646278,0.3528901438626876,0.028420018,-4.585058701088409,-4.108654684076157,11.656435,321.4165700375849,-0.5327726416405938,9.149760643981445,DCEP,7.083893061172428,5.118306643280926
4153413252782596864,277.06045329574164,-11.252441831367324,0.3619243025695911,0.028397476,-0.264643065559859,-2.1221338025197194,10.773455,20.29030527113604,-0.0447956341176552,24.338129148923628,DCEP,7.596408545638377,2.816605255315828
6054935874795049216,185.9069467946036,-61.62912882684149,1.0621961778399347,0.028123148,-10.104751852934516,-0.7297137669005495,6.5845823,299.6339484869834,1.0644127210401393,5.825593453281314,DCEP,0.5500570535195793,7.864608638128441
5313887130948758016,142.92069032895037,-49.65498878584853,0.5047402390883815,0.013407684,-5.610495172267511,3.9415794708853378,8.937748,273.2213995553558,1.3346851748267614,11.198462339690789,DCEP,2.234970031641854,8.301788279593397
4093976334264606976,273.85943862951035,-20.629552967069323,0.41961369288092,0.019104188,-0.3220032244853046,-2.3170653413180187,10.267466,10.567396361844697,-1.73954919548179,6.179074633240001,DCEP,3.0863455796427415,5.120746051765536
4054575949223340288,263.9615687055384,-32.51577357089708,0.3437166556787083,0.06845255,-0.3823146346081066,-1.8623354902085976,11.514985,355.8516824650541,-0.1168369481706152,49.96774399064049,DCEP,15.172839081072635,7.096449641232399
4104857784196182400,277.8322831770774,-13.108184937969463,0.5960083340408681,0.019188927,0.0159479370901032,-2.232467758574668,9.592002,18.995344142838555,-1.5733364273850472,4.198361997444163,DCEP,1.87329091045341,6.380565619493815
4256744187345732224,280.53296920016754,-4.293492802879082,0.3279378863733871,0.016235646,-1.1060511753173434,-2.465908908079496,9.899057,28.050843744251623,0.1082575426503599,11.05483132703628,DCEP,3.4578251185047812,5.3247252649281345
5312211543964567040,142.5659738715467,-53.05867480341794,0.3251580096554677,0.012553517,-4.306164811423642,3.3453597293642057,11.289328,275.3844898324812,-1.3027244637005848,5.484593259755084,DCEP,4.662281598400962,8.977057285277727
5238808628736339584,164.28833612032454,-65.13474394719451,0.2925195409667208,0.014486699,-5.64400793469594,2.569405597042418,9.077229,291.28801133961593,-4.879380001803745,15.714516773668969,DCEP,2.8108149454811655,7.569262600339305
5336389564126521728,175.70084008809798,-58.99338782040372,0.1356745981334466,0.015247209,-6.387206874076093,1.792035660909763,11.05091,294.1806848571635,2.707254201744393,12.1803937095058,DCEP,6.161443811897309,7.930596117697767
5332397512328481920,177.7350164689081,-65.14071211704355,0.2520340071711954,0.017163133,-6.055272087243849,1.5183375135466124,11.178758,296.6258935949276,-3.0123000176099994,4.944982117597536,DCEP,4.212865439918837,7.282786783586833
2435741447518507392,354.97560875851923,-9.083841898670194,0.045346660603461,0.033138286,0.4107300851855209,-5.490614879283797,15.253322,76.45538737601596,-65.27867935625981,1.0709573279087528,DCEP,13.058841060995215,8.661155516636262
5255066591776722432,155.0848300108396,-59.37660856364207,0.4209402148852247,0.009777804,-5.937948451650513,2.749596396666794,9.924202,284.7392534392079,-1.951135526471229,4.160057287307702,DCEP,2.173234188393007,7.8554442543228955
4157780096333716864,273.5659540130283,-9.339063382234684,0.5507639339978403,0.027200345,-1.0374709733356404,-2.4027671151418195,10.796069,20.36456667988283,3.8891113934485873,5.121725882788782,DCEP,3.593088629256365,4.921959832951587
4258175403559021824,281.1590510079064,-4.416104809975483,0.2127193269650264,0.023139998,-1.6400082722945135,-3.1367027436525645,12.6844225,28.22711037869392,-0.5030383390175401,5.255240366300269,DCEP,8.681242991690803,4.132994081130615
4124203661280128128,262.8411617439652,-17.72768592399812,0.1402171401636894,0.021902291,-1.4080942285365363,-9.151334521871188,13.91841,7.80866956441629,8.705179764744893,1.1715584532620889,DCEP,7.377560846692312,1.336562483357128
5255239283837540480,156.14238209215625,-59.53596231547288,0.2747147723213576,0.012230703,-6.788784058651586,3.735196859746289,11.735186,285.27812849398526,-1.7957158597139962,5.09223270840587,DCEP,5.5216616413862845,8.5324399441051
1824511899869141120,295.14631384013137,19.28555029499669,0.2728041239249139,0.016299197,-3.323317331252552,-6.542061600283356,12.188064,55.618243263457614,-1.6140064265939975,4.43724220236643,DCEP,6.360961708240562,6.933275612985676
4255229094685654528,282.5384871278478,-4.368117756737985,0.4586778763435941,0.021808147,-0.0455211556026922,-0.8892071170390995,11.02898,28.897050841548108,-1.70526514944664,6.411017414284907,DCEP,4.4621247192189335,4.7360352684673765
6372109863708657280,321.8733261783508,-71.78598277625328,0.0457697761897065,0.022794582,1.3165511669863552,-1.495506867797022,15.083143,320.7485710175759,-37.46338577202423,1.383673012476586,DCEP,13.679100535397948,6.87586923230262
4190143160245024256,298.0874976184079,-11.36692436559727,0.7867760509623498,0.022869555,7.809394417079211,-10.849124763924388,7.5933595,29.4239798061755,-18.605507316344607,5.376177765929336,DCEP,0.8417473776947878,7.437481053095636
5928317936814254720,246.9362310858429,-56.785641129562784,0.1267321528348291,0.018685674,-0.3574599675919203,-9.310915702213872,13.517999,329.3951731500291,-5.47808191546089,2.385814658918636,DCEP,8.674890062588943,4.450096908107356
5333376489975555584,175.33100035881355,-62.26475713680974,0.3366447508967179,0.01730519,-5.475096965606494,1.3961719957668453,11.849864,294.87422072320567,-0.4949293011163706,5.892199725387542,DCEP,6.249837620042571,7.89448662674448
6026412893938675712,254.58229292948965,-33.60912997577984,1.2239836206721606,0.020576032,1.7980366545863051,-6.2940226537214725,6.7674227,350.4126159818497,5.6667147300341725,6.061218647519838,DCEP,0.610045936126914,7.524093696162838
4266218129306491520,283.74804812933843,-0.0767842802366417,0.2356448998027448,0.024548883,-1.359255539020461,-3.488710604499305,9.086529,33.2687759014061,-0.8258236089020774,65.17418056778189,DCEP,5.643820208204512,4.600890117742839
5342889189698300416,172.7267395859271,-56.8988345157875,0.4260952566389334,0.022387536,-6.243780176953844,2.079650545207528,7.984604,292.0670126572495,4.264462520547587,5.507920745783311,DCEP,1.0198855552987411,7.797079834294256
5338182833266967680,163.82797577819846,-60.93997649536917,0.2705305884842036,0.018355928,-5.888631249308702,2.24677366945053,8.997776,289.295017960414,-1.1807502901803435,23.016632127745837,DCEP,3.263352792950621,7.687611286011057
5337634589276921856,167.68575235563773,-60.75027226503689,0.37823669897906,0.01205239,-6.763230694158215,2.1615770849480818,8.858985,290.93599047109353,-0.2454592869781836,5.725844688410335,DCEP,1.5546591280847903,7.704547360505188
4052025838158485504,277.2246340138597,-26.758585698559585,0.0296589918709309,0.021532116,-1.0244977311319,-8.66421108603161,12.704631,6.553875794209957,-7.311886269499976,18.44498459299983,DCEP,16.15100552403321,8.004605220643453
1789512215668452864,316.40734688231106,20.08156892009568,0.1189611170295524,0.01750592,-0.2541357356433051,-1.2499676307197165,13.058917,67.64429024887542,-17.780445531990406,1.70863065737362,DCEP,5.968048951087175,7.946751635453925
5254071873026676864,160.70348953969503,-61.12298444569125,0.2033727362582468,0.012161222,-5.277013729543318,2.617962953442388,11.271922,288.02853346315675,-2.0294879920665547,6.4539915872520375,DCEP,5.0066037634438105,8.114634455703355
4314923363333177984,293.01968954970863,11.549758632272166,0.0995685462976942,0.013003269,-2.3835210373782982,-5.402455667792951,12.492299,47.85390052604362,-3.584438036237469,6.697169741313065,DCEP,8.94214899506001,6.952459299234975
2033008274099620480,296.2653420602628,31.330773231417616,0.1424680845628975,0.010766139,-4.365099430708818,-7.933261907792488,12.2597885,66.58092108298365,3.4885368367105976,4.289162987921846,DCEP,6.466785064538598,8.121430901018824
6059764002146656128,191.59277853009436,-59.12472733986109,0.6377498662851612,0.0189927,-5.926398478167179,-0.1733740486218214,8.171859,302.28053694278566,3.740614221632899,6.220663211391806,DCEP,1.1796197116601563,7.559143200971789
5943301424097469568,250.80904801518284,-44.89245312605919,0.1819433691603563,0.027116425,-2.4942392148506256,-3.388651309732787,12.575246,339.8378727611115,0.7310824340642563,9.036645223892354,DCEP,10.74986381562644,4.195327783415698
4259861783820291072,281.09429207645803,-2.112810046241761,0.2807510082573754,0.054288033,-0.6801512465422466,-2.4969910495069496,12.470649,30.246614371287222,0.6065024335159579,12.93093855008352,DCEP,12.1977042340176,6.601359838645405
5351161399793209984,161.1361601636056,-57.56535723495042,0.5534810727489844,0.016717449,-6.278235230233154,2.5642929201724973,7.337772,286.5476010431487,1.2128517051931564,18.881454785477946,DCEP,1.3796683672636165,7.84142418823452
4259511653784796032,280.0539729293846,-2.3842861256102967,0.1608019321084227,0.022371896,-2.9816481652838647,-6.804545906893833,12.136303,29.52987483437224,1.4069688721181004,23.075151602740387,DCEP,13.864573932561676,7.8851877814460085
2031776202613700480,296.2030594851332,29.264678772203364,1.0275263756728068,0.052163765,0.1069748570830351,-3.2471959261552024,6.798264,64.7602167647244,2.5057762105473973,3.8456303178137614,DCEP,0.4957872880142314,7.923471529910896
4253442933709196288,280.25276444138217,-6.097227406716979,0.4498032772180244,0.019704329,0.1454318041380261,-0.600441058526783,9.911044,26.31931698384728,-0.4689711734316641,7.41685027429959,DCEP,2.8627308031982612,5.699238295758028
5523256203825403392,129.94061197026346,-43.86085351062159,0.5310446036465994,0.012674638,-6.030125892819054,5.64767642460762,9.684736,262.9791642642785,-1.364848564138399,3.1272818504986564,DCEP,1.693765753502448,8.496830657198677
5877533315817003648,219.29984456353915,-62.01091660197812,1.196376771503265,0.018763741,-2.25970955784233,-3.7315273373221656,6.455353,314.99865053495233,-1.6426451680465906,7.065803200530316,DCEP,0.5693590589979235,7.730060321040842
279382060625871360,76.63188025360888,55.35351493457696,1.4082400918422522,0.01932024,4.212353979727691,-2.963362116964225,7.17663,153.9920622710153,8.715021951166895,3.294866828495276,DCEP,0.5473608789996494,8.611520322958398
6027700314600370304,254.00818688107705,-31.46047477450104,0.0324368027398963,0.019633615,-0.9639053138346976,-1.0912039083915082,13.841963,351.8134916186896,7.373736836043413,3.5265496273237087,DCEP,12.181869532720478,4.204101577152119
2008504454839717120,341.60317447816607,59.44218743843733,0.6727019569293876,0.013366408,-4.1176732173390445,-3.003871769431309,9.031693,107.63622540553682,0.3353770589261693,6.23293282641569,DCEP,1.754387842470699,8.813552118000295
4054740090000104064,261.72032233820823,-32.81490950165716,0.2476585077469569,0.031159729,0.5996319338944405,-3.940252744610264,12.6439905,354.5668456467951,1.2969054601640218,10.928050287522424,DCEP,12.171663274435273,4.15482537929856
4316782057716383232,295.2320146554427,12.61941164953525,0.1183447353095396,0.022654422,-10.481721784784767,-7.578428354220255,13.747376,49.84200923821666,-4.960445194050328,1.4807438509910853,DCEP,7.642681283384565,6.6466574440656485
4095782655730995968,272.4445412563659,-18.377297014643965,0.4646127069740426,0.01891779,0.1518634106900343,-2.88951508001535,10.352862,11.903537195908855,0.5112914516021719,7.288755420757196,DCEP,3.479037427694186,4.7721683793084875
5337191279937200256,168.04212311082057,-61.75486712042563,0.6884094888834371,0.020292029,-6.871480923030166,1.8785625241110264,7.8237414,291.4726624893424,-1.111835782999398,7.53341426442429,DCEP,1.1031089053716165,7.786216431377026
512524361613040640,23.180098556266135,63.5938046047051,1.3449081902378146,0.017760761,-0.5719844909146425,-0.1520671988799449,6.6466746,127.50272027433854,1.0890172197681964,8.376141031017218,DCEP,0.675513854323639,8.54998319269926
5521459979795304320,129.42006775171353,-47.36194868436648,0.9309187277868932,0.01592531,-6.598660367981854,4.323545177648627,7.774636,265.5448714776414,-3.777619203397857,4.639972345209943,DCEP,0.8517004105204711,8.231735859075998
5334506135119058304,171.27391888580152,-60.73461169166571,0.5609558933481774,0.014276453,-6.688215031366479,2.091180759731804,8.573281,292.57093695331093,0.3884260375034428,5.310205208677666,DCEP,1.3138760908844782,7.713714823541886
4313179507891570304,287.5017243851787,12.536535587687256,0.2987403877178257,0.017270518,-1.6109198217925087,-5.005201605181248,10.064854,46.18787458337784,1.642552216638714,13.441567384916487,DCEP,4.104980003670747,6.054723823208833
5932997939411720960,243.72812715093312,-53.33843952314302,0.5366640412932773,0.014880154,-1.3193694711489377,-2.3840246286952045,9.819569,330.53705852566395,-1.742772634362537,3.452898374680187,DCEP,1.8913453507569646,6.542431232336425
4054525650875166464,263.50224988132123,-33.20982226652004,0.3487403526052247,0.03562737,-0.2539093031726075,-1.9310793719476265,12.439558,355.0592621209001,-0.1680862230634567,12.106248047621484,DCEP,11.644492889111875,3.620833353148891
5302258008774271488,127.18202311384256,-60.12256315648986,0.7926621151908935,0.0138803935,-3.969787371230333,2.5924745066542227,7.17335,275.2495254840554,-12.285248593766765,6.696748676137484,DCEP,0.772038223641932,8.087941600082367
5436296928693979392,143.4618762663071,-36.61573570506122,0.29453645986855,0.014226128,-6.952496730632089,6.074233330982374,9.19914,264.5369311665596,11.124134686052177,5.898398692509765,DCEP,1.8447875034428831,8.487802780828847
5257664497238811776,148.8589534762194,-58.42968844947177,0.4472942107631629,0.013137772,-5.450275681693249,2.895396599202923,9.092877,281.57317938593746,-3.056757676954512,7.1970215742041335,DCEP,1.935455105422631,7.962651186694661
5355057622307185280,155.17091157354764,-55.32138032786641,0.3648658255437422,0.020607976,-6.833620216276243,3.687489009694573,7.8796782,282.5688623171493,1.4749282479765031,28.136120434043374,DCEP,2.150429865272257,7.936568930386884
6755189954031860864,297.03057217172096,-26.15886459227764,0.0519990814978073,0.02326607,-1.6377345401680907,-9.96409096885006,13.907592,14.37408415165987,-23.365434280967275,1.793976818844389,DCEP,9.033943028201735,2.0606796165895953
4054440301294394624,262.70158664367625,-33.60991807976502,0.960099975039221,0.025053484,0.2556874699086047,-2.839521200372353,7.6038513,354.35902786458297,0.1731520019659699,4.527729632474779,DCEP,0.7779475039767736,7.348221230541701
1825621002188696448,294.15720454195,20.33293147253885,1.27808101999479,0.05664703,-0.2104730873024103,-1.4640389780254397,6.700444,56.07431275976607,-0.2892356891737578,7.9905351915204434,DCEP,0.6767361105763329,7.764637484227214
5327836325732931840,131.23285441361278,-50.56001943798686,0.3716657051060321,0.015026422,-4.805366481731728,4.490262726342172,9.24687,268.81303459825955,-4.788253176621041,5.858464787145861,DCEP,1.879556709166064,8.372888045679614
4054962874233545088,264.30410455964284,-32.19073036555314,0.2578812258205429,0.043292265,-0.2655746045279012,-2.5661424403197923,12.843586,356.28136267899146,-0.1858242680267549,5.943304617771675,DCEP,9.918358282126658,1.8883662400786891
4131472360791082496,248.7542091418123,-18.629097999353824,0.1207390675252331,0.019404218,-5.506170910129255,-17.310397754927745,13.634357,359.06551422367767,19.100374351621955,2.249138750352755,DCEP,8.89318636516236,0.3121659649257157
2200153454733285248,337.2928846512036,58.41520817273959,3.5550642334569478,0.14753917,14.55964275332636,3.2375195232330003,3.8505998,105.1943703374542,0.5305749739774621,5.366153535514798,DCEP,0.15004967998630117,8.16260988960854
5871738271033526016,207.6844877152894,-57.58050979631668,0.7995824990961825,0.019833265,-5.776496735920703,-1.7262598115871,7.5281997,310.8395054688662,4.377954333692926,5.078705641797761,DCEP,0.7945292711986954,7.6275231792213845
2058374144759464064,301.11066128539693,34.11224946615463,0.3665219362597818,0.016361248,-1.9701947511424207,-5.58259136129065,8.587173,71.06915510580313,1.4297691487431556,17.068686105571178,DCEP,2.3350991873135953,7.688567228050443
2168974530478099328,315.4533745402443,50.78601331034007,0.4418939920074577,0.018043097,-2.213014229640455,-1.928674789188745,10.092728,90.70170089314026,2.877100671044237,9.722917818220145,DCEP,3.5512566774907572,8.902365631582432
5884729035255064064,238.6783732671383,-54.56644194071902,0.230038050813077,0.026797874,-1.987502839079902,-2.006885697266112,9.040833,327.5014917571398,-0.6835728970756727,12.646123794716482,DCEP,2.486588645246534,6.171271839564638
4041458951606787968,267.4483973835817,-35.13019151646053,-0.0111156377678852,0.04207974,-4.521301015204289,-7.281995858761931,14.655748,355.1475043471945,-3.954401994328059,2.0033374321108,DCEP,13.454139293406103,5.373324179155714
4444269090879938688,253.96336154683297,9.672498705275874,0.0826396764002377,0.019256234,-1.864384127701197,-6.409752106987809,13.892072,28.448184998278705,30.037174122794248,2.397493418897472,DCEP,10.330264836363998,4.267946021079534
6587345960697859456,330.8913401147653,-35.38002135713986,0.0395585486787718,0.017172825,3.382034580712811,-5.6664455421521485,13.803607,9.27239759451687,-53.46891941266012,1.965271346610565,DCEP,9.002640444159928,2.961783405828546
5242076514741190272,162.97536218949114,-61.46727800242195,0.1629224584984304,0.010766126,-6.063086609264859,2.49542326770142,12.295529,289.15659471542165,-1.8346313495158797,4.054802218008099,DCEP,6.396631769411871,8.530073903393262
5862711040048310528,193.6131042016273,-63.9353040523788,0.3087035723448256,0.019459184,-6.7446261770557845,-0.4869434399996913,11.361019,303.26310129228585,-1.0654925081898845,24.06233993979132,DCEP,9.90171884005162,8.70471729446191
5329352998951582976,130.91118029354817,-47.40309012410012,0.404022474538705,0.018353475,-4.494018545207084,4.784544541560528,7.7874327,266.1947392016867,-3.002909201485173,23.352513760390675,DCEP,1.8821739329900409,8.457305478563411
3710097345624721152,190.71362240258176,7.4550404305791265,0.0203725154293058,0.028761916,-1.8120437065638888,-0.8829537287673459,14.876202,296.63276837792944,70.22173974453024,1.483160668935439,DCEP,12.863403742170387,7.295056531699476
4099189015819292800,282.3691212196899,-16.723041571141096,0.8235234718276118,0.024237482,0.004871998074388,-3.353445939718496,7.0141516,17.75231631454033,-7.117972360094388,9.557729564579994,DCEP,0.8531831929693329,7.320257381127782
4370945546646359936,268.03107450951825,-1.0853790607956786,0.1375902262041893,0.025446748,-3.585859641603234,-5.415761989416749,13.185253,25.065714940835992,12.655706992075505,2.8438450746061203,DCEP,8.107014426118281,3.4850927478393214
6027070573648725632,251.47115432719244,-33.16585545211713,0.1347268971449665,0.01859429,-6.481379257508263,-11.638932849926825,13.873107,349.1144516371898,7.965127918990577,1.4558905554678092,DCEP,8.031776521609446,1.533973089655842
